EAR,MAR,TIME
0.2496077344569536,0.5694254176766073,23:01:16.091944
0.2496077344569536,0.5694254176766073,23:01:16.091944
0.26922301984138397,0.5333333333333333,23:01:17.603970
0.2496077344569536,0.5694254176766073,23:01:16.091944
0.26922301984138397,0.5333333333333333,23:01:17.603970
0.27927827441943126,0.4333333333333333,23:01:17.827269
0.2496077344569536,0.5694254176766073,23:01:16.091944
0.26922301984138397,0.5333333333333333,23:01:17.603970
0.27927827441943126,0.4333333333333333,23:01:17.827269
0.2592456806270912,0.6,23:01:18.042881
0.2496077344569536,0.5694254176766073,23:01:16.091944
0.26922301984138397,0.5333333333333333,23:01:17.603970
0.27927827441943126,0.4333333333333333,23:01:17.827269
0.2592456806270912,0.6,23:01:18.042881
0.2787493119199493,0.13333333333333333,23:01:18.251666
0.2496077344569536,0.5694254176766073,23:01:16.091944
0.26922301984138397,0.5333333333333333,23:01:17.603970
0.27927827441943126,0.4333333333333333,23:01:17.827269
0.2592456806270912,0.6,23:01:18.042881
0.2787493119199493,0.13333333333333333,23:01:18.251666
0.29643941249977024,0.24120226591665966,23:01:18.450651
0.2496077344569536,0.5694254176766073,23:01:16.091944
0.26922301984138397,0.5333333333333333,23:01:17.603970
0.27927827441943126,0.4333333333333333,23:01:17.827269
0.2592456806270912,0.6,23:01:18.042881
0.2787493119199493,0.13333333333333333,23:01:18.251666
0.29643941249977024,0.24120226591665966,23:01:18.450651
0.26976781227591506,0.2,23:01:18.661479
0.2496077344569536,0.5694254176766073,23:01:16.091944
0.26922301984138397,0.5333333333333333,23:01:17.603970
0.27927827441943126,0.4333333333333333,23:01:17.827269
0.2592456806270912,0.6,23:01:18.042881
0.2787493119199493,0.13333333333333333,23:01:18.251666
0.29643941249977024,0.24120226591665966,23:01:18.450651
0.26976781227591506,0.2,23:01:18.661479
0.29619035612335276,0.20786893258332634,23:01:18.871424
0.2496077344569536,0.5694254176766073,23:01:16.091944
0.26922301984138397,0.5333333333333333,23:01:17.603970
0.27927827441943126,0.4333333333333333,23:01:17.827269
0.2592456806270912,0.6,23:01:18.042881
0.2787493119199493,0.13333333333333333,23:01:18.251666
0.29643941249977024,0.24120226591665966,23:01:18.450651
0.26976781227591506,0.2,23:01:18.661479
0.29619035612335276,0.20786893258332634,23:01:18.871424
0.32492003356267296,0.2,23:01:19.092269
0.2496077344569536,0.5694254176766073,23:01:16.091944
0.26922301984138397,0.5333333333333333,23:01:17.603970
0.27927827441943126,0.4333333333333333,23:01:17.827269
0.2592456806270912,0.6,23:01:18.042881
0.2787493119199493,0.13333333333333333,23:01:18.251666
0.29643941249977024,0.24120226591665966,23:01:18.450651
0.26976781227591506,0.2,23:01:18.661479
0.29619035612335276,0.20786893258332634,23:01:18.871424
0.32492003356267296,0.2,23:01:19.092269
0.2978036593804555,0.40410352085392204,23:01:19.310559
0.2496077344569536,0.5694254176766073,23:01:16.091944
0.26922301984138397,0.5333333333333333,23:01:17.603970
0.27927827441943126,0.4333333333333333,23:01:17.827269
0.2592456806270912,0.6,23:01:18.042881
0.2787493119199493,0.13333333333333333,23:01:18.251666
0.29643941249977024,0.24120226591665966,23:01:18.450651
0.26976781227591506,0.2,23:01:18.661479
0.29619035612335276,0.20786893258332634,23:01:18.871424
0.32492003356267296,0.2,23:01:19.092269
0.2978036593804555,0.40410352085392204,23:01:19.310559
0.22265817455433856,0.305409255338946,23:01:19.509401
0.2496077344569536,0.5694254176766073,23:01:16.091944
0.26922301984138397,0.5333333333333333,23:01:17.603970
0.27927827441943126,0.4333333333333333,23:01:17.827269
0.2592456806270912,0.6,23:01:18.042881
0.2787493119199493,0.13333333333333333,23:01:18.251666
0.29643941249977024,0.24120226591665966,23:01:18.450651
0.26976781227591506,0.2,23:01:18.661479
0.29619035612335276,0.20786893258332634,23:01:18.871424
0.32492003356267296,0.2,23:01:19.092269
0.2978036593804555,0.40410352085392204,23:01:19.310559
0.22265817455433856,0.305409255338946,23:01:19.509401
0.2468071094382992,0.3802829637134567,23:01:19.715371
0.2496077344569536,0.5694254176766073,23:01:16.091944
0.26922301984138397,0.5333333333333333,23:01:17.603970
0.27927827441943126,0.4333333333333333,23:01:17.827269
0.2592456806270912,0.6,23:01:18.042881
0.2787493119199493,0.13333333333333333,23:01:18.251666
0.29643941249977024,0.24120226591665966,23:01:18.450651
0.26976781227591506,0.2,23:01:18.661479
0.29619035612335276,0.20786893258332634,23:01:18.871424
0.32492003356267296,0.2,23:01:19.092269
0.2978036593804555,0.40410352085392204,23:01:19.310559
0.22265817455433856,0.305409255338946,23:01:19.509401
0.2468071094382992,0.3802829637134567,23:01:19.715371
0.2468071094382992,0.285354109927885,23:01:19.873749
0.2496077344569536,0.5694254176766073,23:01:16.091944
0.26922301984138397,0.5333333333333333,23:01:17.603970
0.27927827441943126,0.4333333333333333,23:01:17.827269
0.2592456806270912,0.6,23:01:18.042881
0.2787493119199493,0.13333333333333333,23:01:18.251666
0.29643941249977024,0.24120226591665966,23:01:18.450651
0.26976781227591506,0.2,23:01:18.661479
0.29619035612335276,0.20786893258332634,23:01:18.871424
0.32492003356267296,0.2,23:01:19.092269
0.2978036593804555,0.40410352085392204,23:01:19.310559
0.22265817455433856,0.305409255338946,23:01:19.509401
0.2468071094382992,0.3802829637134567,23:01:19.715371
0.2468071094382992,0.285354109927885,23:01:19.873749
0.26425367230270735,0.23333333333333334,23:01:20.062409
0.2496077344569536,0.5694254176766073,23:01:16.091944
0.26922301984138397,0.5333333333333333,23:01:17.603970
0.27927827441943126,0.4333333333333333,23:01:17.827269
0.2592456806270912,0.6,23:01:18.042881
0.2787493119199493,0.13333333333333333,23:01:18.251666
0.29643941249977024,0.24120226591665966,23:01:18.450651
0.26976781227591506,0.2,23:01:18.661479
0.29619035612335276,0.20786893258332634,23:01:18.871424
0.32492003356267296,0.2,23:01:19.092269
0.2978036593804555,0.40410352085392204,23:01:19.310559
0.22265817455433856,0.305409255338946,23:01:19.509401
0.2468071094382992,0.3802829637134567,23:01:19.715371
0.2468071094382992,0.285354109927885,23:01:19.873749
0.26425367230270735,0.23333333333333334,23:01:20.062409
0.24025197800359838,0.4333333333333333,23:01:20.227885
0.2496077344569536,0.5694254176766073,23:01:16.091944
0.26922301984138397,0.5333333333333333,23:01:17.603970
0.27927827441943126,0.4333333333333333,23:01:17.827269
0.2592456806270912,0.6,23:01:18.042881
0.2787493119199493,0.13333333333333333,23:01:18.251666
0.29643941249977024,0.24120226591665966,23:01:18.450651
0.26976781227591506,0.2,23:01:18.661479
0.29619035612335276,0.20786893258332634,23:01:18.871424
0.32492003356267296,0.2,23:01:19.092269
0.2978036593804555,0.40410352085392204,23:01:19.310559
0.22265817455433856,0.305409255338946,23:01:19.509401
0.2468071094382992,0.3802829637134567,23:01:19.715371
0.2468071094382992,0.285354109927885,23:01:19.873749
0.26425367230270735,0.23333333333333334,23:01:20.062409
0.24025197800359838,0.4333333333333333,23:01:20.227885
0.23509574350163964,0.2,23:01:20.404742
0.2496077344569536,0.5694254176766073,23:01:16.091944
0.26922301984138397,0.5333333333333333,23:01:17.603970
0.27927827441943126,0.4333333333333333,23:01:17.827269
0.2592456806270912,0.6,23:01:18.042881
0.2787493119199493,0.13333333333333333,23:01:18.251666
0.29643941249977024,0.24120226591665966,23:01:18.450651
0.26976781227591506,0.2,23:01:18.661479
0.29619035612335276,0.20786893258332634,23:01:18.871424
0.32492003356267296,0.2,23:01:19.092269
0.2978036593804555,0.40410352085392204,23:01:19.310559
0.22265817455433856,0.305409255338946,23:01:19.509401
0.2468071094382992,0.3802829637134567,23:01:19.715371
0.2468071094382992,0.285354109927885,23:01:19.873749
0.26425367230270735,0.23333333333333334,23:01:20.062409
0.24025197800359838,0.4333333333333333,23:01:20.227885
0.23509574350163964,0.2,23:01:20.404742
0.24792771013028547,0.2,23:01:20.591825
0.2496077344569536,0.5694254176766073,23:01:16.091944
0.26922301984138397,0.5333333333333333,23:01:17.603970
0.27927827441943126,0.4333333333333333,23:01:17.827269
0.2592456806270912,0.6,23:01:18.042881
0.2787493119199493,0.13333333333333333,23:01:18.251666
0.29643941249977024,0.24120226591665966,23:01:18.450651
0.26976781227591506,0.2,23:01:18.661479
0.29619035612335276,0.20786893258332634,23:01:18.871424
0.32492003356267296,0.2,23:01:19.092269
0.2978036593804555,0.40410352085392204,23:01:19.310559
0.22265817455433856,0.305409255338946,23:01:19.509401
0.2468071094382992,0.3802829637134567,23:01:19.715371
0.2468071094382992,0.285354109927885,23:01:19.873749
0.26425367230270735,0.23333333333333334,23:01:20.062409
0.24025197800359838,0.4333333333333333,23:01:20.227885
0.23509574350163964,0.2,23:01:20.404742
0.24792771013028547,0.2,23:01:20.591825
0.24225373517790244,0.5699673171197596,23:01:20.778043
0.2496077344569536,0.5694254176766073,23:01:16.091944
0.26922301984138397,0.5333333333333333,23:01:17.603970
0.27927827441943126,0.4333333333333333,23:01:17.827269
0.2592456806270912,0.6,23:01:18.042881
0.2787493119199493,0.13333333333333333,23:01:18.251666
0.29643941249977024,0.24120226591665966,23:01:18.450651
0.26976781227591506,0.2,23:01:18.661479
0.29619035612335276,0.20786893258332634,23:01:18.871424
0.32492003356267296,0.2,23:01:19.092269
0.2978036593804555,0.40410352085392204,23:01:19.310559
0.22265817455433856,0.305409255338946,23:01:19.509401
0.2468071094382992,0.3802829637134567,23:01:19.715371
0.2468071094382992,0.285354109927885,23:01:19.873749
0.26425367230270735,0.23333333333333334,23:01:20.062409
0.24025197800359838,0.4333333333333333,23:01:20.227885
0.23509574350163964,0.2,23:01:20.404742
0.24792771013028547,0.2,23:01:20.591825
0.24225373517790244,0.5699673171197596,23:01:20.778043
0.2425221922503527,0.40410352085392204,23:01:20.954428
0.2496077344569536,0.5694254176766073,23:01:16.091944
0.26922301984138397,0.5333333333333333,23:01:17.603970
0.27927827441943126,0.4333333333333333,23:01:17.827269
0.2592456806270912,0.6,23:01:18.042881
0.2787493119199493,0.13333333333333333,23:01:18.251666
0.29643941249977024,0.24120226591665966,23:01:18.450651
0.26976781227591506,0.2,23:01:18.661479
0.29619035612335276,0.20786893258332634,23:01:18.871424
0.32492003356267296,0.2,23:01:19.092269
0.2978036593804555,0.40410352085392204,23:01:19.310559
0.22265817455433856,0.305409255338946,23:01:19.509401
0.2468071094382992,0.3802829637134567,23:01:19.715371
0.2468071094382992,0.285354109927885,23:01:19.873749
0.26425367230270735,0.23333333333333334,23:01:20.062409
0.24025197800359838,0.4333333333333333,23:01:20.227885
0.23509574350163964,0.2,23:01:20.404742
0.24792771013028547,0.2,23:01:20.591825
0.24225373517790244,0.5699673171197596,23:01:20.778043
0.2425221922503527,0.40410352085392204,23:01:20.954428
0.26511852731235236,0.5,23:01:21.125208
0.2496077344569536,0.5694254176766073,23:01:16.091944
0.26922301984138397,0.5333333333333333,23:01:17.603970
0.27927827441943126,0.4333333333333333,23:01:17.827269
0.2592456806270912,0.6,23:01:18.042881
0.2787493119199493,0.13333333333333333,23:01:18.251666
0.29643941249977024,0.24120226591665966,23:01:18.450651
0.26976781227591506,0.2,23:01:18.661479
0.29619035612335276,0.20786893258332634,23:01:18.871424
0.32492003356267296,0.2,23:01:19.092269
0.2978036593804555,0.40410352085392204,23:01:19.310559
0.22265817455433856,0.305409255338946,23:01:19.509401
0.2468071094382992,0.3802829637134567,23:01:19.715371
0.2468071094382992,0.285354109927885,23:01:19.873749
0.26425367230270735,0.23333333333333334,23:01:20.062409
0.24025197800359838,0.4333333333333333,23:01:20.227885
0.23509574350163964,0.2,23:01:20.404742
0.24792771013028547,0.2,23:01:20.591825
0.24225373517790244,0.5699673171197596,23:01:20.778043
0.2425221922503527,0.40410352085392204,23:01:20.954428
0.26511852731235236,0.5,23:01:21.125208
0.21692892849968426,1.3358936540270199,23:01:21.298588
0.2496077344569536,0.5694254176766073,23:01:16.091944
0.26922301984138397,0.5333333333333333,23:01:17.603970
0.27927827441943126,0.4333333333333333,23:01:17.827269
0.2592456806270912,0.6,23:01:18.042881
0.2787493119199493,0.13333333333333333,23:01:18.251666
0.29643941249977024,0.24120226591665966,23:01:18.450651
0.26976781227591506,0.2,23:01:18.661479
0.29619035612335276,0.20786893258332634,23:01:18.871424
0.32492003356267296,0.2,23:01:19.092269
0.2978036593804555,0.40410352085392204,23:01:19.310559
0.22265817455433856,0.305409255338946,23:01:19.509401
0.2468071094382992,0.3802829637134567,23:01:19.715371
0.2468071094382992,0.285354109927885,23:01:19.873749
0.26425367230270735,0.23333333333333334,23:01:20.062409
0.24025197800359838,0.4333333333333333,23:01:20.227885
0.23509574350163964,0.2,23:01:20.404742
0.24792771013028547,0.2,23:01:20.591825
0.24225373517790244,0.5699673171197596,23:01:20.778043
0.2425221922503527,0.40410352085392204,23:01:20.954428
0.26511852731235236,0.5,23:01:21.125208
0.21692892849968426,1.3358936540270199,23:01:21.298588
0.3091578151221579,0.23333333333333334,23:01:21.471488
0.2496077344569536,0.5694254176766073,23:01:16.091944
0.26922301984138397,0.5333333333333333,23:01:17.603970
0.27927827441943126,0.4333333333333333,23:01:17.827269
0.2592456806270912,0.6,23:01:18.042881
0.2787493119199493,0.13333333333333333,23:01:18.251666
0.29643941249977024,0.24120226591665966,23:01:18.450651
0.26976781227591506,0.2,23:01:18.661479
0.29619035612335276,0.20786893258332634,23:01:18.871424
0.32492003356267296,0.2,23:01:19.092269
0.2978036593804555,0.40410352085392204,23:01:19.310559
0.22265817455433856,0.305409255338946,23:01:19.509401
0.2468071094382992,0.3802829637134567,23:01:19.715371
0.2468071094382992,0.285354109927885,23:01:19.873749
0.26425367230270735,0.23333333333333334,23:01:20.062409
0.24025197800359838,0.4333333333333333,23:01:20.227885
0.23509574350163964,0.2,23:01:20.404742
0.24792771013028547,0.2,23:01:20.591825
0.24225373517790244,0.5699673171197596,23:01:20.778043
0.2425221922503527,0.40410352085392204,23:01:20.954428
0.26511852731235236,0.5,23:01:21.125208
0.21692892849968426,1.3358936540270199,23:01:21.298588
0.3091578151221579,0.23333333333333334,23:01:21.471488
0.268662455209595,0.4333333333333333,23:01:21.654682
0.2496077344569536,0.5694254176766073,23:01:16.091944
0.26922301984138397,0.5333333333333333,23:01:17.603970
0.27927827441943126,0.4333333333333333,23:01:17.827269
0.2592456806270912,0.6,23:01:18.042881
0.2787493119199493,0.13333333333333333,23:01:18.251666
0.29643941249977024,0.24120226591665966,23:01:18.450651
0.26976781227591506,0.2,23:01:18.661479
0.29619035612335276,0.20786893258332634,23:01:18.871424
0.32492003356267296,0.2,23:01:19.092269
0.2978036593804555,0.40410352085392204,23:01:19.310559
0.22265817455433856,0.305409255338946,23:01:19.509401
0.2468071094382992,0.3802829637134567,23:01:19.715371
0.2468071094382992,0.285354109927885,23:01:19.873749
0.26425367230270735,0.23333333333333334,23:01:20.062409
0.24025197800359838,0.4333333333333333,23:01:20.227885
0.23509574350163964,0.2,23:01:20.404742
0.24792771013028547,0.2,23:01:20.591825
0.24225373517790244,0.5699673171197596,23:01:20.778043
0.2425221922503527,0.40410352085392204,23:01:20.954428
0.26511852731235236,0.5,23:01:21.125208
0.21692892849968426,1.3358936540270199,23:01:21.298588
0.3091578151221579,0.23333333333333334,23:01:21.471488
0.268662455209595,0.4333333333333333,23:01:21.654682
0.21073878780410224,0.5,23:01:21.825367
0.2496077344569536,0.5694254176766073,23:01:16.091944
0.26922301984138397,0.5333333333333333,23:01:17.603970
0.27927827441943126,0.4333333333333333,23:01:17.827269
0.2592456806270912,0.6,23:01:18.042881
0.2787493119199493,0.13333333333333333,23:01:18.251666
0.29643941249977024,0.24120226591665966,23:01:18.450651
0.26976781227591506,0.2,23:01:18.661479
0.29619035612335276,0.20786893258332634,23:01:18.871424
0.32492003356267296,0.2,23:01:19.092269
0.2978036593804555,0.40410352085392204,23:01:19.310559
0.22265817455433856,0.305409255338946,23:01:19.509401
0.2468071094382992,0.3802829637134567,23:01:19.715371
0.2468071094382992,0.285354109927885,23:01:19.873749
0.26425367230270735,0.23333333333333334,23:01:20.062409
0.24025197800359838,0.4333333333333333,23:01:20.227885
0.23509574350163964,0.2,23:01:20.404742
0.24792771013028547,0.2,23:01:20.591825
0.24225373517790244,0.5699673171197596,23:01:20.778043
0.2425221922503527,0.40410352085392204,23:01:20.954428
0.26511852731235236,0.5,23:01:21.125208
0.21692892849968426,1.3358936540270199,23:01:21.298588
0.3091578151221579,0.23333333333333334,23:01:21.471488
0.268662455209595,0.4333333333333333,23:01:21.654682
0.21073878780410224,0.5,23:01:21.825367
0.2352915474711446,0.4666666666666667,23:01:22.007089
0.2496077344569536,0.5694254176766073,23:01:16.091944
0.26922301984138397,0.5333333333333333,23:01:17.603970
0.27927827441943126,0.4333333333333333,23:01:17.827269
0.2592456806270912,0.6,23:01:18.042881
0.2787493119199493,0.13333333333333333,23:01:18.251666
0.29643941249977024,0.24120226591665966,23:01:18.450651
0.26976781227591506,0.2,23:01:18.661479
0.29619035612335276,0.20786893258332634,23:01:18.871424
0.32492003356267296,0.2,23:01:19.092269
0.2978036593804555,0.40410352085392204,23:01:19.310559
0.22265817455433856,0.305409255338946,23:01:19.509401
0.2468071094382992,0.3802829637134567,23:01:19.715371
0.2468071094382992,0.285354109927885,23:01:19.873749
0.26425367230270735,0.23333333333333334,23:01:20.062409
0.24025197800359838,0.4333333333333333,23:01:20.227885
0.23509574350163964,0.2,23:01:20.404742
0.24792771013028547,0.2,23:01:20.591825
0.24225373517790244,0.5699673171197596,23:01:20.778043
0.2425221922503527,0.40410352085392204,23:01:20.954428
0.26511852731235236,0.5,23:01:21.125208
0.21692892849968426,1.3358936540270199,23:01:21.298588
0.3091578151221579,0.23333333333333334,23:01:21.471488
0.268662455209595,0.4333333333333333,23:01:21.654682
0.21073878780410224,0.5,23:01:21.825367
0.2352915474711446,0.4666666666666667,23:01:22.007089
0.25928121548190897,0.36666666666666664,23:01:22.193027
0.2496077344569536,0.5694254176766073,23:01:16.091944
0.26922301984138397,0.5333333333333333,23:01:17.603970
0.27927827441943126,0.4333333333333333,23:01:17.827269
0.2592456806270912,0.6,23:01:18.042881
0.2787493119199493,0.13333333333333333,23:01:18.251666
0.29643941249977024,0.24120226591665966,23:01:18.450651
0.26976781227591506,0.2,23:01:18.661479
0.29619035612335276,0.20786893258332634,23:01:18.871424
0.32492003356267296,0.2,23:01:19.092269
0.2978036593804555,0.40410352085392204,23:01:19.310559
0.22265817455433856,0.305409255338946,23:01:19.509401
0.2468071094382992,0.3802829637134567,23:01:19.715371
0.2468071094382992,0.285354109927885,23:01:19.873749
0.26425367230270735,0.23333333333333334,23:01:20.062409
0.24025197800359838,0.4333333333333333,23:01:20.227885
0.23509574350163964,0.2,23:01:20.404742
0.24792771013028547,0.2,23:01:20.591825
0.24225373517790244,0.5699673171197596,23:01:20.778043
0.2425221922503527,0.40410352085392204,23:01:20.954428
0.26511852731235236,0.5,23:01:21.125208
0.21692892849968426,1.3358936540270199,23:01:21.298588
0.3091578151221579,0.23333333333333334,23:01:21.471488
0.268662455209595,0.4333333333333333,23:01:21.654682
0.21073878780410224,0.5,23:01:21.825367
0.2352915474711446,0.4666666666666667,23:01:22.007089
0.25928121548190897,0.36666666666666664,23:01:22.193027
0.2840717021068496,0.26666666666666666,23:01:22.368914
0.2496077344569536,0.5694254176766073,23:01:16.091944
0.26922301984138397,0.5333333333333333,23:01:17.603970
0.27927827441943126,0.4333333333333333,23:01:17.827269
0.2592456806270912,0.6,23:01:18.042881
0.2787493119199493,0.13333333333333333,23:01:18.251666
0.29643941249977024,0.24120226591665966,23:01:18.450651
0.26976781227591506,0.2,23:01:18.661479
0.29619035612335276,0.20786893258332634,23:01:18.871424
0.32492003356267296,0.2,23:01:19.092269
0.2978036593804555,0.40410352085392204,23:01:19.310559
0.22265817455433856,0.305409255338946,23:01:19.509401
0.2468071094382992,0.3802829637134567,23:01:19.715371
0.2468071094382992,0.285354109927885,23:01:19.873749
0.26425367230270735,0.23333333333333334,23:01:20.062409
0.24025197800359838,0.4333333333333333,23:01:20.227885
0.23509574350163964,0.2,23:01:20.404742
0.24792771013028547,0.2,23:01:20.591825
0.24225373517790244,0.5699673171197596,23:01:20.778043
0.2425221922503527,0.40410352085392204,23:01:20.954428
0.26511852731235236,0.5,23:01:21.125208
0.21692892849968426,1.3358936540270199,23:01:21.298588
0.3091578151221579,0.23333333333333334,23:01:21.471488
0.268662455209595,0.4333333333333333,23:01:21.654682
0.21073878780410224,0.5,23:01:21.825367
0.2352915474711446,0.4666666666666667,23:01:22.007089
0.25928121548190897,0.36666666666666664,23:01:22.193027
0.2840717021068496,0.26666666666666666,23:01:22.368914
0.2566018962334991,0.23333333333333334,23:01:22.538161
0.2496077344569536,0.5694254176766073,23:01:16.091944
0.26922301984138397,0.5333333333333333,23:01:17.603970
0.27927827441943126,0.4333333333333333,23:01:17.827269
0.2592456806270912,0.6,23:01:18.042881
0.2787493119199493,0.13333333333333333,23:01:18.251666
0.29643941249977024,0.24120226591665966,23:01:18.450651
0.26976781227591506,0.2,23:01:18.661479
0.29619035612335276,0.20786893258332634,23:01:18.871424
0.32492003356267296,0.2,23:01:19.092269
0.2978036593804555,0.40410352085392204,23:01:19.310559
0.22265817455433856,0.305409255338946,23:01:19.509401
0.2468071094382992,0.3802829637134567,23:01:19.715371
0.2468071094382992,0.285354109927885,23:01:19.873749
0.26425367230270735,0.23333333333333334,23:01:20.062409
0.24025197800359838,0.4333333333333333,23:01:20.227885
0.23509574350163964,0.2,23:01:20.404742
0.24792771013028547,0.2,23:01:20.591825
0.24225373517790244,0.5699673171197596,23:01:20.778043
0.2425221922503527,0.40410352085392204,23:01:20.954428
0.26511852731235236,0.5,23:01:21.125208
0.21692892849968426,1.3358936540270199,23:01:21.298588
0.3091578151221579,0.23333333333333334,23:01:21.471488
0.268662455209595,0.4333333333333333,23:01:21.654682
0.21073878780410224,0.5,23:01:21.825367
0.2352915474711446,0.4666666666666667,23:01:22.007089
0.25928121548190897,0.36666666666666664,23:01:22.193027
0.2840717021068496,0.26666666666666666,23:01:22.368914
0.2566018962334991,0.23333333333333334,23:01:22.538161
0.2407876637078798,0.310818510677892,23:01:22.727181
0.2496077344569536,0.5694254176766073,23:01:16.091944
0.26922301984138397,0.5333333333333333,23:01:17.603970
0.27927827441943126,0.4333333333333333,23:01:17.827269
0.2592456806270912,0.6,23:01:18.042881
0.2787493119199493,0.13333333333333333,23:01:18.251666
0.29643941249977024,0.24120226591665966,23:01:18.450651
0.26976781227591506,0.2,23:01:18.661479
0.29619035612335276,0.20786893258332634,23:01:18.871424
0.32492003356267296,0.2,23:01:19.092269
0.2978036593804555,0.40410352085392204,23:01:19.310559
0.22265817455433856,0.305409255338946,23:01:19.509401
0.2468071094382992,0.3802829637134567,23:01:19.715371
0.2468071094382992,0.285354109927885,23:01:19.873749
0.26425367230270735,0.23333333333333334,23:01:20.062409
0.24025197800359838,0.4333333333333333,23:01:20.227885
0.23509574350163964,0.2,23:01:20.404742
0.24792771013028547,0.2,23:01:20.591825
0.24225373517790244,0.5699673171197596,23:01:20.778043
0.2425221922503527,0.40410352085392204,23:01:20.954428
0.26511852731235236,0.5,23:01:21.125208
0.21692892849968426,1.3358936540270199,23:01:21.298588
0.3091578151221579,0.23333333333333334,23:01:21.471488
0.268662455209595,0.4333333333333333,23:01:21.654682
0.21073878780410224,0.5,23:01:21.825367
0.2352915474711446,0.4666666666666667,23:01:22.007089
0.25928121548190897,0.36666666666666664,23:01:22.193027
0.2840717021068496,0.26666666666666666,23:01:22.368914
0.2566018962334991,0.23333333333333334,23:01:22.538161
0.2407876637078798,0.310818510677892,23:01:22.727181
0.24104689249577432,0.9,23:01:22.892250
0.2496077344569536,0.5694254176766073,23:01:16.091944
0.26922301984138397,0.5333333333333333,23:01:17.603970
0.27927827441943126,0.4333333333333333,23:01:17.827269
0.2592456806270912,0.6,23:01:18.042881
0.2787493119199493,0.13333333333333333,23:01:18.251666
0.29643941249977024,0.24120226591665966,23:01:18.450651
0.26976781227591506,0.2,23:01:18.661479
0.29619035612335276,0.20786893258332634,23:01:18.871424
0.32492003356267296,0.2,23:01:19.092269
0.2978036593804555,0.40410352085392204,23:01:19.310559
0.22265817455433856,0.305409255338946,23:01:19.509401
0.2468071094382992,0.3802829637134567,23:01:19.715371
0.2468071094382992,0.285354109927885,23:01:19.873749
0.26425367230270735,0.23333333333333334,23:01:20.062409
0.24025197800359838,0.4333333333333333,23:01:20.227885
0.23509574350163964,0.2,23:01:20.404742
0.24792771013028547,0.2,23:01:20.591825
0.24225373517790244,0.5699673171197596,23:01:20.778043
0.2425221922503527,0.40410352085392204,23:01:20.954428
0.26511852731235236,0.5,23:01:21.125208
0.21692892849968426,1.3358936540270199,23:01:21.298588
0.3091578151221579,0.23333333333333334,23:01:21.471488
0.268662455209595,0.4333333333333333,23:01:21.654682
0.21073878780410224,0.5,23:01:21.825367
0.2352915474711446,0.4666666666666667,23:01:22.007089
0.25928121548190897,0.36666666666666664,23:01:22.193027
0.2840717021068496,0.26666666666666666,23:01:22.368914
0.2566018962334991,0.23333333333333334,23:01:22.538161
0.2407876637078798,0.310818510677892,23:01:22.727181
0.24104689249577432,0.9,23:01:22.892250
0.25603615352018083,0.43743685418725536,23:01:23.091860
0.2496077344569536,0.5694254176766073,23:01:16.091944
0.26922301984138397,0.5333333333333333,23:01:17.603970
0.27927827441943126,0.4333333333333333,23:01:17.827269
0.2592456806270912,0.6,23:01:18.042881
0.2787493119199493,0.13333333333333333,23:01:18.251666
0.29643941249977024,0.24120226591665966,23:01:18.450651
0.26976781227591506,0.2,23:01:18.661479
0.29619035612335276,0.20786893258332634,23:01:18.871424
0.32492003356267296,0.2,23:01:19.092269
0.2978036593804555,0.40410352085392204,23:01:19.310559
0.22265817455433856,0.305409255338946,23:01:19.509401
0.2468071094382992,0.3802829637134567,23:01:19.715371
0.2468071094382992,0.285354109927885,23:01:19.873749
0.26425367230270735,0.23333333333333334,23:01:20.062409
0.24025197800359838,0.4333333333333333,23:01:20.227885
0.23509574350163964,0.2,23:01:20.404742
0.24792771013028547,0.2,23:01:20.591825
0.24225373517790244,0.5699673171197596,23:01:20.778043
0.2425221922503527,0.40410352085392204,23:01:20.954428
0.26511852731235236,0.5,23:01:21.125208
0.21692892849968426,1.3358936540270199,23:01:21.298588
0.3091578151221579,0.23333333333333334,23:01:21.471488
0.268662455209595,0.4333333333333333,23:01:21.654682
0.21073878780410224,0.5,23:01:21.825367
0.2352915474711446,0.4666666666666667,23:01:22.007089
0.25928121548190897,0.36666666666666664,23:01:22.193027
0.2840717021068496,0.26666666666666666,23:01:22.368914
0.2566018962334991,0.23333333333333334,23:01:22.538161
0.2407876637078798,0.310818510677892,23:01:22.727181
0.24104689249577432,0.9,23:01:22.892250
0.25603615352018083,0.43743685418725536,23:01:23.091860
0.2689867218852281,0.223606797749979,23:01:23.272531
0.2496077344569536,0.5694254176766073,23:01:16.091944
0.26922301984138397,0.5333333333333333,23:01:17.603970
0.27927827441943126,0.4333333333333333,23:01:17.827269
0.2592456806270912,0.6,23:01:18.042881
0.2787493119199493,0.13333333333333333,23:01:18.251666
0.29643941249977024,0.24120226591665966,23:01:18.450651
0.26976781227591506,0.2,23:01:18.661479
0.29619035612335276,0.20786893258332634,23:01:18.871424
0.32492003356267296,0.2,23:01:19.092269
0.2978036593804555,0.40410352085392204,23:01:19.310559
0.22265817455433856,0.305409255338946,23:01:19.509401
0.2468071094382992,0.3802829637134567,23:01:19.715371
0.2468071094382992,0.285354109927885,23:01:19.873749
0.26425367230270735,0.23333333333333334,23:01:20.062409
0.24025197800359838,0.4333333333333333,23:01:20.227885
0.23509574350163964,0.2,23:01:20.404742
0.24792771013028547,0.2,23:01:20.591825
0.24225373517790244,0.5699673171197596,23:01:20.778043
0.2425221922503527,0.40410352085392204,23:01:20.954428
0.26511852731235236,0.5,23:01:21.125208
0.21692892849968426,1.3358936540270199,23:01:21.298588
0.3091578151221579,0.23333333333333334,23:01:21.471488
0.268662455209595,0.4333333333333333,23:01:21.654682
0.21073878780410224,0.5,23:01:21.825367
0.2352915474711446,0.4666666666666667,23:01:22.007089
0.25928121548190897,0.36666666666666664,23:01:22.193027
0.2840717021068496,0.26666666666666666,23:01:22.368914
0.2566018962334991,0.23333333333333334,23:01:22.538161
0.2407876637078798,0.310818510677892,23:01:22.727181
0.24104689249577432,0.9,23:01:22.892250
0.25603615352018083,0.43743685418725536,23:01:23.091860
0.2689867218852281,0.223606797749979,23:01:23.272531
0.255674006574344,0.40410352085392204,23:01:23.451524
0.2496077344569536,0.5694254176766073,23:01:16.091944
0.26922301984138397,0.5333333333333333,23:01:17.603970
0.27927827441943126,0.4333333333333333,23:01:17.827269
0.2592456806270912,0.6,23:01:18.042881
0.2787493119199493,0.13333333333333333,23:01:18.251666
0.29643941249977024,0.24120226591665966,23:01:18.450651
0.26976781227591506,0.2,23:01:18.661479
0.29619035612335276,0.20786893258332634,23:01:18.871424
0.32492003356267296,0.2,23:01:19.092269
0.2978036593804555,0.40410352085392204,23:01:19.310559
0.22265817455433856,0.305409255338946,23:01:19.509401
0.2468071094382992,0.3802829637134567,23:01:19.715371
0.2468071094382992,0.285354109927885,23:01:19.873749
0.26425367230270735,0.23333333333333334,23:01:20.062409
0.24025197800359838,0.4333333333333333,23:01:20.227885
0.23509574350163964,0.2,23:01:20.404742
0.24792771013028547,0.2,23:01:20.591825
0.24225373517790244,0.5699673171197596,23:01:20.778043
0.2425221922503527,0.40410352085392204,23:01:20.954428
0.26511852731235236,0.5,23:01:21.125208
0.21692892849968426,1.3358936540270199,23:01:21.298588
0.3091578151221579,0.23333333333333334,23:01:21.471488
0.268662455209595,0.4333333333333333,23:01:21.654682
0.21073878780410224,0.5,23:01:21.825367
0.2352915474711446,0.4666666666666667,23:01:22.007089
0.25928121548190897,0.36666666666666664,23:01:22.193027
0.2840717021068496,0.26666666666666666,23:01:22.368914
0.2566018962334991,0.23333333333333334,23:01:22.538161
0.2407876637078798,0.310818510677892,23:01:22.727181
0.24104689249577432,0.9,23:01:22.892250
0.25603615352018083,0.43743685418725536,23:01:23.091860
0.2689867218852281,0.223606797749979,23:01:23.272531
0.255674006574344,0.40410352085392204,23:01:23.451524
0.270477165809172,0.5333333333333333,23:01:23.607093
0.2496077344569536,0.5694254176766073,23:01:16.091944
0.26922301984138397,0.5333333333333333,23:01:17.603970
0.27927827441943126,0.4333333333333333,23:01:17.827269
0.2592456806270912,0.6,23:01:18.042881
0.2787493119199493,0.13333333333333333,23:01:18.251666
0.29643941249977024,0.24120226591665966,23:01:18.450651
0.26976781227591506,0.2,23:01:18.661479
0.29619035612335276,0.20786893258332634,23:01:18.871424
0.32492003356267296,0.2,23:01:19.092269
0.2978036593804555,0.40410352085392204,23:01:19.310559
0.22265817455433856,0.305409255338946,23:01:19.509401
0.2468071094382992,0.3802829637134567,23:01:19.715371
0.2468071094382992,0.285354109927885,23:01:19.873749
0.26425367230270735,0.23333333333333334,23:01:20.062409
0.24025197800359838,0.4333333333333333,23:01:20.227885
0.23509574350163964,0.2,23:01:20.404742
0.24792771013028547,0.2,23:01:20.591825
0.24225373517790244,0.5699673171197596,23:01:20.778043
0.2425221922503527,0.40410352085392204,23:01:20.954428
0.26511852731235236,0.5,23:01:21.125208
0.21692892849968426,1.3358936540270199,23:01:21.298588
0.3091578151221579,0.23333333333333334,23:01:21.471488
0.268662455209595,0.4333333333333333,23:01:21.654682
0.21073878780410224,0.5,23:01:21.825367
0.2352915474711446,0.4666666666666667,23:01:22.007089
0.25928121548190897,0.36666666666666664,23:01:22.193027
0.2840717021068496,0.26666666666666666,23:01:22.368914
0.2566018962334991,0.23333333333333334,23:01:22.538161
0.2407876637078798,0.310818510677892,23:01:22.727181
0.24104689249577432,0.9,23:01:22.892250
0.25603615352018083,0.43743685418725536,23:01:23.091860
0.2689867218852281,0.223606797749979,23:01:23.272531
0.255674006574344,0.40410352085392204,23:01:23.451524
0.270477165809172,0.5333333333333333,23:01:23.607093
0.2760699926715394,0.26666666666666666,23:01:23.792874
0.2496077344569536,0.5694254176766073,23:01:16.091944
0.26922301984138397,0.5333333333333333,23:01:17.603970
0.27927827441943126,0.4333333333333333,23:01:17.827269
0.2592456806270912,0.6,23:01:18.042881
0.2787493119199493,0.13333333333333333,23:01:18.251666
0.29643941249977024,0.24120226591665966,23:01:18.450651
0.26976781227591506,0.2,23:01:18.661479
0.29619035612335276,0.20786893258332634,23:01:18.871424
0.32492003356267296,0.2,23:01:19.092269
0.2978036593804555,0.40410352085392204,23:01:19.310559
0.22265817455433856,0.305409255338946,23:01:19.509401
0.2468071094382992,0.3802829637134567,23:01:19.715371
0.2468071094382992,0.285354109927885,23:01:19.873749
0.26425367230270735,0.23333333333333334,23:01:20.062409
0.24025197800359838,0.4333333333333333,23:01:20.227885
0.23509574350163964,0.2,23:01:20.404742
0.24792771013028547,0.2,23:01:20.591825
0.24225373517790244,0.5699673171197596,23:01:20.778043
0.2425221922503527,0.40410352085392204,23:01:20.954428
0.26511852731235236,0.5,23:01:21.125208
0.21692892849968426,1.3358936540270199,23:01:21.298588
0.3091578151221579,0.23333333333333334,23:01:21.471488
0.268662455209595,0.4333333333333333,23:01:21.654682
0.21073878780410224,0.5,23:01:21.825367
0.2352915474711446,0.4666666666666667,23:01:22.007089
0.25928121548190897,0.36666666666666664,23:01:22.193027
0.2840717021068496,0.26666666666666666,23:01:22.368914
0.2566018962334991,0.23333333333333334,23:01:22.538161
0.2407876637078798,0.310818510677892,23:01:22.727181
0.24104689249577432,0.9,23:01:22.892250
0.25603615352018083,0.43743685418725536,23:01:23.091860
0.2689867218852281,0.223606797749979,23:01:23.272531
0.255674006574344,0.40410352085392204,23:01:23.451524
0.270477165809172,0.5333333333333333,23:01:23.607093
0.2760699926715394,0.26666666666666666,23:01:23.792874
0.2645498290281863,0.13333333333333333,23:01:23.958788
0.2496077344569536,0.5694254176766073,23:01:16.091944
0.26922301984138397,0.5333333333333333,23:01:17.603970
0.27927827441943126,0.4333333333333333,23:01:17.827269
0.2592456806270912,0.6,23:01:18.042881
0.2787493119199493,0.13333333333333333,23:01:18.251666
0.29643941249977024,0.24120226591665966,23:01:18.450651
0.26976781227591506,0.2,23:01:18.661479
0.29619035612335276,0.20786893258332634,23:01:18.871424
0.32492003356267296,0.2,23:01:19.092269
0.2978036593804555,0.40410352085392204,23:01:19.310559
0.22265817455433856,0.305409255338946,23:01:19.509401
0.2468071094382992,0.3802829637134567,23:01:19.715371
0.2468071094382992,0.285354109927885,23:01:19.873749
0.26425367230270735,0.23333333333333334,23:01:20.062409
0.24025197800359838,0.4333333333333333,23:01:20.227885
0.23509574350163964,0.2,23:01:20.404742
0.24792771013028547,0.2,23:01:20.591825
0.24225373517790244,0.5699673171197596,23:01:20.778043
0.2425221922503527,0.40410352085392204,23:01:20.954428
0.26511852731235236,0.5,23:01:21.125208
0.21692892849968426,1.3358936540270199,23:01:21.298588
0.3091578151221579,0.23333333333333334,23:01:21.471488
0.268662455209595,0.4333333333333333,23:01:21.654682
0.21073878780410224,0.5,23:01:21.825367
0.2352915474711446,0.4666666666666667,23:01:22.007089
0.25928121548190897,0.36666666666666664,23:01:22.193027
0.2840717021068496,0.26666666666666666,23:01:22.368914
0.2566018962334991,0.23333333333333334,23:01:22.538161
0.2407876637078798,0.310818510677892,23:01:22.727181
0.24104689249577432,0.9,23:01:22.892250
0.25603615352018083,0.43743685418725536,23:01:23.091860
0.2689867218852281,0.223606797749979,23:01:23.272531
0.255674006574344,0.40410352085392204,23:01:23.451524
0.270477165809172,0.5333333333333333,23:01:23.607093
0.2760699926715394,0.26666666666666666,23:01:23.792874
0.2645498290281863,0.13333333333333333,23:01:23.958788
0.3065562793119032,0.36666666666666664,23:01:24.143296
0.2496077344569536,0.5694254176766073,23:01:16.091944
0.26922301984138397,0.5333333333333333,23:01:17.603970
0.27927827441943126,0.4333333333333333,23:01:17.827269
0.2592456806270912,0.6,23:01:18.042881
0.2787493119199493,0.13333333333333333,23:01:18.251666
0.29643941249977024,0.24120226591665966,23:01:18.450651
0.26976781227591506,0.2,23:01:18.661479
0.29619035612335276,0.20786893258332634,23:01:18.871424
0.32492003356267296,0.2,23:01:19.092269
0.2978036593804555,0.40410352085392204,23:01:19.310559
0.22265817455433856,0.305409255338946,23:01:19.509401
0.2468071094382992,0.3802829637134567,23:01:19.715371
0.2468071094382992,0.285354109927885,23:01:19.873749
0.26425367230270735,0.23333333333333334,23:01:20.062409
0.24025197800359838,0.4333333333333333,23:01:20.227885
0.23509574350163964,0.2,23:01:20.404742
0.24792771013028547,0.2,23:01:20.591825
0.24225373517790244,0.5699673171197596,23:01:20.778043
0.2425221922503527,0.40410352085392204,23:01:20.954428
0.26511852731235236,0.5,23:01:21.125208
0.21692892849968426,1.3358936540270199,23:01:21.298588
0.3091578151221579,0.23333333333333334,23:01:21.471488
0.268662455209595,0.4333333333333333,23:01:21.654682
0.21073878780410224,0.5,23:01:21.825367
0.2352915474711446,0.4666666666666667,23:01:22.007089
0.25928121548190897,0.36666666666666664,23:01:22.193027
0.2840717021068496,0.26666666666666666,23:01:22.368914
0.2566018962334991,0.23333333333333334,23:01:22.538161
0.2407876637078798,0.310818510677892,23:01:22.727181
0.24104689249577432,0.9,23:01:22.892250
0.25603615352018083,0.43743685418725536,23:01:23.091860
0.2689867218852281,0.223606797749979,23:01:23.272531
0.255674006574344,0.40410352085392204,23:01:23.451524
0.270477165809172,0.5333333333333333,23:01:23.607093
0.2760699926715394,0.26666666666666666,23:01:23.792874
0.2645498290281863,0.13333333333333333,23:01:23.958788
0.3065562793119032,0.36666666666666664,23:01:24.143296
0.25748475223727396,0.33874258867227935,23:01:24.311376
0.2496077344569536,0.5694254176766073,23:01:16.091944
0.26922301984138397,0.5333333333333333,23:01:17.603970
0.27927827441943126,0.4333333333333333,23:01:17.827269
0.2592456806270912,0.6,23:01:18.042881
0.2787493119199493,0.13333333333333333,23:01:18.251666
0.29643941249977024,0.24120226591665966,23:01:18.450651
0.26976781227591506,0.2,23:01:18.661479
0.29619035612335276,0.20786893258332634,23:01:18.871424
0.32492003356267296,0.2,23:01:19.092269
0.2978036593804555,0.40410352085392204,23:01:19.310559
0.22265817455433856,0.305409255338946,23:01:19.509401
0.2468071094382992,0.3802829637134567,23:01:19.715371
0.2468071094382992,0.285354109927885,23:01:19.873749
0.26425367230270735,0.23333333333333334,23:01:20.062409
0.24025197800359838,0.4333333333333333,23:01:20.227885
0.23509574350163964,0.2,23:01:20.404742
0.24792771013028547,0.2,23:01:20.591825
0.24225373517790244,0.5699673171197596,23:01:20.778043
0.2425221922503527,0.40410352085392204,23:01:20.954428
0.26511852731235236,0.5,23:01:21.125208
0.21692892849968426,1.3358936540270199,23:01:21.298588
0.3091578151221579,0.23333333333333334,23:01:21.471488
0.268662455209595,0.4333333333333333,23:01:21.654682
0.21073878780410224,0.5,23:01:21.825367
0.2352915474711446,0.4666666666666667,23:01:22.007089
0.25928121548190897,0.36666666666666664,23:01:22.193027
0.2840717021068496,0.26666666666666666,23:01:22.368914
0.2566018962334991,0.23333333333333334,23:01:22.538161
0.2407876637078798,0.310818510677892,23:01:22.727181
0.24104689249577432,0.9,23:01:22.892250
0.25603615352018083,0.43743685418725536,23:01:23.091860
0.2689867218852281,0.223606797749979,23:01:23.272531
0.255674006574344,0.40410352085392204,23:01:23.451524
0.270477165809172,0.5333333333333333,23:01:23.607093
0.2760699926715394,0.26666666666666666,23:01:23.792874
0.2645498290281863,0.13333333333333333,23:01:23.958788
0.3065562793119032,0.36666666666666664,23:01:24.143296
0.25748475223727396,0.33874258867227935,23:01:24.311376
0.25876347189569165,0.3,23:01:24.473753
0.2496077344569536,0.5694254176766073,23:01:16.091944
0.26922301984138397,0.5333333333333333,23:01:17.603970
0.27927827441943126,0.4333333333333333,23:01:17.827269
0.2592456806270912,0.6,23:01:18.042881
0.2787493119199493,0.13333333333333333,23:01:18.251666
0.29643941249977024,0.24120226591665966,23:01:18.450651
0.26976781227591506,0.2,23:01:18.661479
0.29619035612335276,0.20786893258332634,23:01:18.871424
0.32492003356267296,0.2,23:01:19.092269
0.2978036593804555,0.40410352085392204,23:01:19.310559
0.22265817455433856,0.305409255338946,23:01:19.509401
0.2468071094382992,0.3802829637134567,23:01:19.715371
0.2468071094382992,0.285354109927885,23:01:19.873749
0.26425367230270735,0.23333333333333334,23:01:20.062409
0.24025197800359838,0.4333333333333333,23:01:20.227885
0.23509574350163964,0.2,23:01:20.404742
0.24792771013028547,0.2,23:01:20.591825
0.24225373517790244,0.5699673171197596,23:01:20.778043
0.2425221922503527,0.40410352085392204,23:01:20.954428
0.26511852731235236,0.5,23:01:21.125208
0.21692892849968426,1.3358936540270199,23:01:21.298588
0.3091578151221579,0.23333333333333334,23:01:21.471488
0.268662455209595,0.4333333333333333,23:01:21.654682
0.21073878780410224,0.5,23:01:21.825367
0.2352915474711446,0.4666666666666667,23:01:22.007089
0.25928121548190897,0.36666666666666664,23:01:22.193027
0.2840717021068496,0.26666666666666666,23:01:22.368914
0.2566018962334991,0.23333333333333334,23:01:22.538161
0.2407876637078798,0.310818510677892,23:01:22.727181
0.24104689249577432,0.9,23:01:22.892250
0.25603615352018083,0.43743685418725536,23:01:23.091860
0.2689867218852281,0.223606797749979,23:01:23.272531
0.255674006574344,0.40410352085392204,23:01:23.451524
0.270477165809172,0.5333333333333333,23:01:23.607093
0.2760699926715394,0.26666666666666666,23:01:23.792874
0.2645498290281863,0.13333333333333333,23:01:23.958788
0.3065562793119032,0.36666666666666664,23:01:24.143296
0.25748475223727396,0.33874258867227935,23:01:24.311376
0.25876347189569165,0.3,23:01:24.473753
0.23626923728116433,0.3374368541872554,23:01:24.654694
0.2496077344569536,0.5694254176766073,23:01:16.091944
0.26922301984138397,0.5333333333333333,23:01:17.603970
0.27927827441943126,0.4333333333333333,23:01:17.827269
0.2592456806270912,0.6,23:01:18.042881
0.2787493119199493,0.13333333333333333,23:01:18.251666
0.29643941249977024,0.24120226591665966,23:01:18.450651
0.26976781227591506,0.2,23:01:18.661479
0.29619035612335276,0.20786893258332634,23:01:18.871424
0.32492003356267296,0.2,23:01:19.092269
0.2978036593804555,0.40410352085392204,23:01:19.310559
0.22265817455433856,0.305409255338946,23:01:19.509401
0.2468071094382992,0.3802829637134567,23:01:19.715371
0.2468071094382992,0.285354109927885,23:01:19.873749
0.26425367230270735,0.23333333333333334,23:01:20.062409
0.24025197800359838,0.4333333333333333,23:01:20.227885
0.23509574350163964,0.2,23:01:20.404742
0.24792771013028547,0.2,23:01:20.591825
0.24225373517790244,0.5699673171197596,23:01:20.778043
0.2425221922503527,0.40410352085392204,23:01:20.954428
0.26511852731235236,0.5,23:01:21.125208
0.21692892849968426,1.3358936540270199,23:01:21.298588
0.3091578151221579,0.23333333333333334,23:01:21.471488
0.268662455209595,0.4333333333333333,23:01:21.654682
0.21073878780410224,0.5,23:01:21.825367
0.2352915474711446,0.4666666666666667,23:01:22.007089
0.25928121548190897,0.36666666666666664,23:01:22.193027
0.2840717021068496,0.26666666666666666,23:01:22.368914
0.2566018962334991,0.23333333333333334,23:01:22.538161
0.2407876637078798,0.310818510677892,23:01:22.727181
0.24104689249577432,0.9,23:01:22.892250
0.25603615352018083,0.43743685418725536,23:01:23.091860
0.2689867218852281,0.223606797749979,23:01:23.272531
0.255674006574344,0.40410352085392204,23:01:23.451524
0.270477165809172,0.5333333333333333,23:01:23.607093
0.2760699926715394,0.26666666666666666,23:01:23.792874
0.2645498290281863,0.13333333333333333,23:01:23.958788
0.3065562793119032,0.36666666666666664,23:01:24.143296
0.25748475223727396,0.33874258867227935,23:01:24.311376
0.25876347189569165,0.3,23:01:24.473753
0.23626923728116433,0.3374368541872554,23:01:24.654694
0.2692868527767063,0.40410352085392204,23:01:24.825207
0.2496077344569536,0.5694254176766073,23:01:16.091944
0.26922301984138397,0.5333333333333333,23:01:17.603970
0.27927827441943126,0.4333333333333333,23:01:17.827269
0.2592456806270912,0.6,23:01:18.042881
0.2787493119199493,0.13333333333333333,23:01:18.251666
0.29643941249977024,0.24120226591665966,23:01:18.450651
0.26976781227591506,0.2,23:01:18.661479
0.29619035612335276,0.20786893258332634,23:01:18.871424
0.32492003356267296,0.2,23:01:19.092269
0.2978036593804555,0.40410352085392204,23:01:19.310559
0.22265817455433856,0.305409255338946,23:01:19.509401
0.2468071094382992,0.3802829637134567,23:01:19.715371
0.2468071094382992,0.285354109927885,23:01:19.873749
0.26425367230270735,0.23333333333333334,23:01:20.062409
0.24025197800359838,0.4333333333333333,23:01:20.227885
0.23509574350163964,0.2,23:01:20.404742
0.24792771013028547,0.2,23:01:20.591825
0.24225373517790244,0.5699673171197596,23:01:20.778043
0.2425221922503527,0.40410352085392204,23:01:20.954428
0.26511852731235236,0.5,23:01:21.125208
0.21692892849968426,1.3358936540270199,23:01:21.298588
0.3091578151221579,0.23333333333333334,23:01:21.471488
0.268662455209595,0.4333333333333333,23:01:21.654682
0.21073878780410224,0.5,23:01:21.825367
0.2352915474711446,0.4666666666666667,23:01:22.007089
0.25928121548190897,0.36666666666666664,23:01:22.193027
0.2840717021068496,0.26666666666666666,23:01:22.368914
0.2566018962334991,0.23333333333333334,23:01:22.538161
0.2407876637078798,0.310818510677892,23:01:22.727181
0.24104689249577432,0.9,23:01:22.892250
0.25603615352018083,0.43743685418725536,23:01:23.091860
0.2689867218852281,0.223606797749979,23:01:23.272531
0.255674006574344,0.40410352085392204,23:01:23.451524
0.270477165809172,0.5333333333333333,23:01:23.607093
0.2760699926715394,0.26666666666666666,23:01:23.792874
0.2645498290281863,0.13333333333333333,23:01:23.958788
0.3065562793119032,0.36666666666666664,23:01:24.143296
0.25748475223727396,0.33874258867227935,23:01:24.311376
0.25876347189569165,0.3,23:01:24.473753
0.23626923728116433,0.3374368541872554,23:01:24.654694
0.2692868527767063,0.40410352085392204,23:01:24.825207
0.245090343028395,0.3802829637134567,23:01:25.007099
0.2496077344569536,0.5694254176766073,23:01:16.091944
0.26922301984138397,0.5333333333333333,23:01:17.603970
0.27927827441943126,0.4333333333333333,23:01:17.827269
0.2592456806270912,0.6,23:01:18.042881
0.2787493119199493,0.13333333333333333,23:01:18.251666
0.29643941249977024,0.24120226591665966,23:01:18.450651
0.26976781227591506,0.2,23:01:18.661479
0.29619035612335276,0.20786893258332634,23:01:18.871424
0.32492003356267296,0.2,23:01:19.092269
0.2978036593804555,0.40410352085392204,23:01:19.310559
0.22265817455433856,0.305409255338946,23:01:19.509401
0.2468071094382992,0.3802829637134567,23:01:19.715371
0.2468071094382992,0.285354109927885,23:01:19.873749
0.26425367230270735,0.23333333333333334,23:01:20.062409
0.24025197800359838,0.4333333333333333,23:01:20.227885
0.23509574350163964,0.2,23:01:20.404742
0.24792771013028547,0.2,23:01:20.591825
0.24225373517790244,0.5699673171197596,23:01:20.778043
0.2425221922503527,0.40410352085392204,23:01:20.954428
0.26511852731235236,0.5,23:01:21.125208
0.21692892849968426,1.3358936540270199,23:01:21.298588
0.3091578151221579,0.23333333333333334,23:01:21.471488
0.268662455209595,0.4333333333333333,23:01:21.654682
0.21073878780410224,0.5,23:01:21.825367
0.2352915474711446,0.4666666666666667,23:01:22.007089
0.25928121548190897,0.36666666666666664,23:01:22.193027
0.2840717021068496,0.26666666666666666,23:01:22.368914
0.2566018962334991,0.23333333333333334,23:01:22.538161
0.2407876637078798,0.310818510677892,23:01:22.727181
0.24104689249577432,0.9,23:01:22.892250
0.25603615352018083,0.43743685418725536,23:01:23.091860
0.2689867218852281,0.223606797749979,23:01:23.272531
0.255674006574344,0.40410352085392204,23:01:23.451524
0.270477165809172,0.5333333333333333,23:01:23.607093
0.2760699926715394,0.26666666666666666,23:01:23.792874
0.2645498290281863,0.13333333333333333,23:01:23.958788
0.3065562793119032,0.36666666666666664,23:01:24.143296
0.25748475223727396,0.33874258867227935,23:01:24.311376
0.25876347189569165,0.3,23:01:24.473753
0.23626923728116433,0.3374368541872554,23:01:24.654694
0.2692868527767063,0.40410352085392204,23:01:24.825207
0.245090343028395,0.3802829637134567,23:01:25.007099
0.23948725578074323,0.3374368541872554,23:01:25.189554
0.2496077344569536,0.5694254176766073,23:01:16.091944
0.26922301984138397,0.5333333333333333,23:01:17.603970
0.27927827441943126,0.4333333333333333,23:01:17.827269
0.2592456806270912,0.6,23:01:18.042881
0.2787493119199493,0.13333333333333333,23:01:18.251666
0.29643941249977024,0.24120226591665966,23:01:18.450651
0.26976781227591506,0.2,23:01:18.661479
0.29619035612335276,0.20786893258332634,23:01:18.871424
0.32492003356267296,0.2,23:01:19.092269
0.2978036593804555,0.40410352085392204,23:01:19.310559
0.22265817455433856,0.305409255338946,23:01:19.509401
0.2468071094382992,0.3802829637134567,23:01:19.715371
0.2468071094382992,0.285354109927885,23:01:19.873749
0.26425367230270735,0.23333333333333334,23:01:20.062409
0.24025197800359838,0.4333333333333333,23:01:20.227885
0.23509574350163964,0.2,23:01:20.404742
0.24792771013028547,0.2,23:01:20.591825
0.24225373517790244,0.5699673171197596,23:01:20.778043
0.2425221922503527,0.40410352085392204,23:01:20.954428
0.26511852731235236,0.5,23:01:21.125208
0.21692892849968426,1.3358936540270199,23:01:21.298588
0.3091578151221579,0.23333333333333334,23:01:21.471488
0.268662455209595,0.4333333333333333,23:01:21.654682
0.21073878780410224,0.5,23:01:21.825367
0.2352915474711446,0.4666666666666667,23:01:22.007089
0.25928121548190897,0.36666666666666664,23:01:22.193027
0.2840717021068496,0.26666666666666666,23:01:22.368914
0.2566018962334991,0.23333333333333334,23:01:22.538161
0.2407876637078798,0.310818510677892,23:01:22.727181
0.24104689249577432,0.9,23:01:22.892250
0.25603615352018083,0.43743685418725536,23:01:23.091860
0.2689867218852281,0.223606797749979,23:01:23.272531
0.255674006574344,0.40410352085392204,23:01:23.451524
0.270477165809172,0.5333333333333333,23:01:23.607093
0.2760699926715394,0.26666666666666666,23:01:23.792874
0.2645498290281863,0.13333333333333333,23:01:23.958788
0.3065562793119032,0.36666666666666664,23:01:24.143296
0.25748475223727396,0.33874258867227935,23:01:24.311376
0.25876347189569165,0.3,23:01:24.473753
0.23626923728116433,0.3374368541872554,23:01:24.654694
0.2692868527767063,0.40410352085392204,23:01:24.825207
0.245090343028395,0.3802829637134567,23:01:25.007099
0.23948725578074323,0.3374368541872554,23:01:25.189554
0.24549544031894416,0.408207041707844,23:01:25.361840
0.2496077344569536,0.5694254176766073,23:01:16.091944
0.26922301984138397,0.5333333333333333,23:01:17.603970
0.27927827441943126,0.4333333333333333,23:01:17.827269
0.2592456806270912,0.6,23:01:18.042881
0.2787493119199493,0.13333333333333333,23:01:18.251666
0.29643941249977024,0.24120226591665966,23:01:18.450651
0.26976781227591506,0.2,23:01:18.661479
0.29619035612335276,0.20786893258332634,23:01:18.871424
0.32492003356267296,0.2,23:01:19.092269
0.2978036593804555,0.40410352085392204,23:01:19.310559
0.22265817455433856,0.305409255338946,23:01:19.509401
0.2468071094382992,0.3802829637134567,23:01:19.715371
0.2468071094382992,0.285354109927885,23:01:19.873749
0.26425367230270735,0.23333333333333334,23:01:20.062409
0.24025197800359838,0.4333333333333333,23:01:20.227885
0.23509574350163964,0.2,23:01:20.404742
0.24792771013028547,0.2,23:01:20.591825
0.24225373517790244,0.5699673171197596,23:01:20.778043
0.2425221922503527,0.40410352085392204,23:01:20.954428
0.26511852731235236,0.5,23:01:21.125208
0.21692892849968426,1.3358936540270199,23:01:21.298588
0.3091578151221579,0.23333333333333334,23:01:21.471488
0.268662455209595,0.4333333333333333,23:01:21.654682
0.21073878780410224,0.5,23:01:21.825367
0.2352915474711446,0.4666666666666667,23:01:22.007089
0.25928121548190897,0.36666666666666664,23:01:22.193027
0.2840717021068496,0.26666666666666666,23:01:22.368914
0.2566018962334991,0.23333333333333334,23:01:22.538161
0.2407876637078798,0.310818510677892,23:01:22.727181
0.24104689249577432,0.9,23:01:22.892250
0.25603615352018083,0.43743685418725536,23:01:23.091860
0.2689867218852281,0.223606797749979,23:01:23.272531
0.255674006574344,0.40410352085392204,23:01:23.451524
0.270477165809172,0.5333333333333333,23:01:23.607093
0.2760699926715394,0.26666666666666666,23:01:23.792874
0.2645498290281863,0.13333333333333333,23:01:23.958788
0.3065562793119032,0.36666666666666664,23:01:24.143296
0.25748475223727396,0.33874258867227935,23:01:24.311376
0.25876347189569165,0.3,23:01:24.473753
0.23626923728116433,0.3374368541872554,23:01:24.654694
0.2692868527767063,0.40410352085392204,23:01:24.825207
0.245090343028395,0.3802829637134567,23:01:25.007099
0.23948725578074323,0.3374368541872554,23:01:25.189554
0.24549544031894416,0.408207041707844,23:01:25.361840
0.26970602340405847,0.305409255338946,23:01:25.538150
0.2496077344569536,0.5694254176766073,23:01:16.091944
0.26922301984138397,0.5333333333333333,23:01:17.603970
0.27927827441943126,0.4333333333333333,23:01:17.827269
0.2592456806270912,0.6,23:01:18.042881
0.2787493119199493,0.13333333333333333,23:01:18.251666
0.29643941249977024,0.24120226591665966,23:01:18.450651
0.26976781227591506,0.2,23:01:18.661479
0.29619035612335276,0.20786893258332634,23:01:18.871424
0.32492003356267296,0.2,23:01:19.092269
0.2978036593804555,0.40410352085392204,23:01:19.310559
0.22265817455433856,0.305409255338946,23:01:19.509401
0.2468071094382992,0.3802829637134567,23:01:19.715371
0.2468071094382992,0.285354109927885,23:01:19.873749
0.26425367230270735,0.23333333333333334,23:01:20.062409
0.24025197800359838,0.4333333333333333,23:01:20.227885
0.23509574350163964,0.2,23:01:20.404742
0.24792771013028547,0.2,23:01:20.591825
0.24225373517790244,0.5699673171197596,23:01:20.778043
0.2425221922503527,0.40410352085392204,23:01:20.954428
0.26511852731235236,0.5,23:01:21.125208
0.21692892849968426,1.3358936540270199,23:01:21.298588
0.3091578151221579,0.23333333333333334,23:01:21.471488
0.268662455209595,0.4333333333333333,23:01:21.654682
0.21073878780410224,0.5,23:01:21.825367
0.2352915474711446,0.4666666666666667,23:01:22.007089
0.25928121548190897,0.36666666666666664,23:01:22.193027
0.2840717021068496,0.26666666666666666,23:01:22.368914
0.2566018962334991,0.23333333333333334,23:01:22.538161
0.2407876637078798,0.310818510677892,23:01:22.727181
0.24104689249577432,0.9,23:01:22.892250
0.25603615352018083,0.43743685418725536,23:01:23.091860
0.2689867218852281,0.223606797749979,23:01:23.272531
0.255674006574344,0.40410352085392204,23:01:23.451524
0.270477165809172,0.5333333333333333,23:01:23.607093
0.2760699926715394,0.26666666666666666,23:01:23.792874
0.2645498290281863,0.13333333333333333,23:01:23.958788
0.3065562793119032,0.36666666666666664,23:01:24.143296
0.25748475223727396,0.33874258867227935,23:01:24.311376
0.25876347189569165,0.3,23:01:24.473753
0.23626923728116433,0.3374368541872554,23:01:24.654694
0.2692868527767063,0.40410352085392204,23:01:24.825207
0.245090343028395,0.3802829637134567,23:01:25.007099
0.23948725578074323,0.3374368541872554,23:01:25.189554
0.24549544031894416,0.408207041707844,23:01:25.361840
0.26970602340405847,0.305409255338946,23:01:25.538150
0.2634724866227175,0.3720759220056127,23:01:25.719411
0.2496077344569536,0.5694254176766073,23:01:16.091944
0.26922301984138397,0.5333333333333333,23:01:17.603970
0.27927827441943126,0.4333333333333333,23:01:17.827269
0.2592456806270912,0.6,23:01:18.042881
0.2787493119199493,0.13333333333333333,23:01:18.251666
0.29643941249977024,0.24120226591665966,23:01:18.450651
0.26976781227591506,0.2,23:01:18.661479
0.29619035612335276,0.20786893258332634,23:01:18.871424
0.32492003356267296,0.2,23:01:19.092269
0.2978036593804555,0.40410352085392204,23:01:19.310559
0.22265817455433856,0.305409255338946,23:01:19.509401
0.2468071094382992,0.3802829637134567,23:01:19.715371
0.2468071094382992,0.285354109927885,23:01:19.873749
0.26425367230270735,0.23333333333333334,23:01:20.062409
0.24025197800359838,0.4333333333333333,23:01:20.227885
0.23509574350163964,0.2,23:01:20.404742
0.24792771013028547,0.2,23:01:20.591825
0.24225373517790244,0.5699673171197596,23:01:20.778043
0.2425221922503527,0.40410352085392204,23:01:20.954428
0.26511852731235236,0.5,23:01:21.125208
0.21692892849968426,1.3358936540270199,23:01:21.298588
0.3091578151221579,0.23333333333333334,23:01:21.471488
0.268662455209595,0.4333333333333333,23:01:21.654682
0.21073878780410224,0.5,23:01:21.825367
0.2352915474711446,0.4666666666666667,23:01:22.007089
0.25928121548190897,0.36666666666666664,23:01:22.193027
0.2840717021068496,0.26666666666666666,23:01:22.368914
0.2566018962334991,0.23333333333333334,23:01:22.538161
0.2407876637078798,0.310818510677892,23:01:22.727181
0.24104689249577432,0.9,23:01:22.892250
0.25603615352018083,0.43743685418725536,23:01:23.091860
0.2689867218852281,0.223606797749979,23:01:23.272531
0.255674006574344,0.40410352085392204,23:01:23.451524
0.270477165809172,0.5333333333333333,23:01:23.607093
0.2760699926715394,0.26666666666666666,23:01:23.792874
0.2645498290281863,0.13333333333333333,23:01:23.958788
0.3065562793119032,0.36666666666666664,23:01:24.143296
0.25748475223727396,0.33874258867227935,23:01:24.311376
0.25876347189569165,0.3,23:01:24.473753
0.23626923728116433,0.3374368541872554,23:01:24.654694
0.2692868527767063,0.40410352085392204,23:01:24.825207
0.245090343028395,0.3802829637134567,23:01:25.007099
0.23948725578074323,0.3374368541872554,23:01:25.189554
0.24549544031894416,0.408207041707844,23:01:25.361840
0.26970602340405847,0.305409255338946,23:01:25.538150
0.2634724866227175,0.3720759220056127,23:01:25.719411
0.24607859716752917,0.310818510677892,23:01:25.892035
0.2496077344569536,0.5694254176766073,23:01:16.091944
0.26922301984138397,0.5333333333333333,23:01:17.603970
0.27927827441943126,0.4333333333333333,23:01:17.827269
0.2592456806270912,0.6,23:01:18.042881
0.2787493119199493,0.13333333333333333,23:01:18.251666
0.29643941249977024,0.24120226591665966,23:01:18.450651
0.26976781227591506,0.2,23:01:18.661479
0.29619035612335276,0.20786893258332634,23:01:18.871424
0.32492003356267296,0.2,23:01:19.092269
0.2978036593804555,0.40410352085392204,23:01:19.310559
0.22265817455433856,0.305409255338946,23:01:19.509401
0.2468071094382992,0.3802829637134567,23:01:19.715371
0.2468071094382992,0.285354109927885,23:01:19.873749
0.26425367230270735,0.23333333333333334,23:01:20.062409
0.24025197800359838,0.4333333333333333,23:01:20.227885
0.23509574350163964,0.2,23:01:20.404742
0.24792771013028547,0.2,23:01:20.591825
0.24225373517790244,0.5699673171197596,23:01:20.778043
0.2425221922503527,0.40410352085392204,23:01:20.954428
0.26511852731235236,0.5,23:01:21.125208
0.21692892849968426,1.3358936540270199,23:01:21.298588
0.3091578151221579,0.23333333333333334,23:01:21.471488
0.268662455209595,0.4333333333333333,23:01:21.654682
0.21073878780410224,0.5,23:01:21.825367
0.2352915474711446,0.4666666666666667,23:01:22.007089
0.25928121548190897,0.36666666666666664,23:01:22.193027
0.2840717021068496,0.26666666666666666,23:01:22.368914
0.2566018962334991,0.23333333333333334,23:01:22.538161
0.2407876637078798,0.310818510677892,23:01:22.727181
0.24104689249577432,0.9,23:01:22.892250
0.25603615352018083,0.43743685418725536,23:01:23.091860
0.2689867218852281,0.223606797749979,23:01:23.272531
0.255674006574344,0.40410352085392204,23:01:23.451524
0.270477165809172,0.5333333333333333,23:01:23.607093
0.2760699926715394,0.26666666666666666,23:01:23.792874
0.2645498290281863,0.13333333333333333,23:01:23.958788
0.3065562793119032,0.36666666666666664,23:01:24.143296
0.25748475223727396,0.33874258867227935,23:01:24.311376
0.25876347189569165,0.3,23:01:24.473753
0.23626923728116433,0.3374368541872554,23:01:24.654694
0.2692868527767063,0.40410352085392204,23:01:24.825207
0.245090343028395,0.3802829637134567,23:01:25.007099
0.23948725578074323,0.3374368541872554,23:01:25.189554
0.24549544031894416,0.408207041707844,23:01:25.361840
0.26970602340405847,0.305409255338946,23:01:25.538150
0.2634724866227175,0.3720759220056127,23:01:25.719411
0.24607859716752917,0.310818510677892,23:01:25.892035
0.24194253943623822,0.305409255338946,23:01:26.072514
0.2496077344569536,0.5694254176766073,23:01:16.091944
0.26922301984138397,0.5333333333333333,23:01:17.603970
0.27927827441943126,0.4333333333333333,23:01:17.827269
0.2592456806270912,0.6,23:01:18.042881
0.2787493119199493,0.13333333333333333,23:01:18.251666
0.29643941249977024,0.24120226591665966,23:01:18.450651
0.26976781227591506,0.2,23:01:18.661479
0.29619035612335276,0.20786893258332634,23:01:18.871424
0.32492003356267296,0.2,23:01:19.092269
0.2978036593804555,0.40410352085392204,23:01:19.310559
0.22265817455433856,0.305409255338946,23:01:19.509401
0.2468071094382992,0.3802829637134567,23:01:19.715371
0.2468071094382992,0.285354109927885,23:01:19.873749
0.26425367230270735,0.23333333333333334,23:01:20.062409
0.24025197800359838,0.4333333333333333,23:01:20.227885
0.23509574350163964,0.2,23:01:20.404742
0.24792771013028547,0.2,23:01:20.591825
0.24225373517790244,0.5699673171197596,23:01:20.778043
0.2425221922503527,0.40410352085392204,23:01:20.954428
0.26511852731235236,0.5,23:01:21.125208
0.21692892849968426,1.3358936540270199,23:01:21.298588
0.3091578151221579,0.23333333333333334,23:01:21.471488
0.268662455209595,0.4333333333333333,23:01:21.654682
0.21073878780410224,0.5,23:01:21.825367
0.2352915474711446,0.4666666666666667,23:01:22.007089
0.25928121548190897,0.36666666666666664,23:01:22.193027
0.2840717021068496,0.26666666666666666,23:01:22.368914
0.2566018962334991,0.23333333333333334,23:01:22.538161
0.2407876637078798,0.310818510677892,23:01:22.727181
0.24104689249577432,0.9,23:01:22.892250
0.25603615352018083,0.43743685418725536,23:01:23.091860
0.2689867218852281,0.223606797749979,23:01:23.272531
0.255674006574344,0.40410352085392204,23:01:23.451524
0.270477165809172,0.5333333333333333,23:01:23.607093
0.2760699926715394,0.26666666666666666,23:01:23.792874
0.2645498290281863,0.13333333333333333,23:01:23.958788
0.3065562793119032,0.36666666666666664,23:01:24.143296
0.25748475223727396,0.33874258867227935,23:01:24.311376
0.25876347189569165,0.3,23:01:24.473753
0.23626923728116433,0.3374368541872554,23:01:24.654694
0.2692868527767063,0.40410352085392204,23:01:24.825207
0.245090343028395,0.3802829637134567,23:01:25.007099
0.23948725578074323,0.3374368541872554,23:01:25.189554
0.24549544031894416,0.408207041707844,23:01:25.361840
0.26970602340405847,0.305409255338946,23:01:25.538150
0.2634724866227175,0.3720759220056127,23:01:25.719411
0.24607859716752917,0.310818510677892,23:01:25.892035
0.24194253943623822,0.305409255338946,23:01:26.072514
0.1408451201315578,0.40410352085392204,23:01:26.257964
0.2496077344569536,0.5694254176766073,23:01:16.091944
0.26922301984138397,0.5333333333333333,23:01:17.603970
0.27927827441943126,0.4333333333333333,23:01:17.827269
0.2592456806270912,0.6,23:01:18.042881
0.2787493119199493,0.13333333333333333,23:01:18.251666
0.29643941249977024,0.24120226591665966,23:01:18.450651
0.26976781227591506,0.2,23:01:18.661479
0.29619035612335276,0.20786893258332634,23:01:18.871424
0.32492003356267296,0.2,23:01:19.092269
0.2978036593804555,0.40410352085392204,23:01:19.310559
0.22265817455433856,0.305409255338946,23:01:19.509401
0.2468071094382992,0.3802829637134567,23:01:19.715371
0.2468071094382992,0.285354109927885,23:01:19.873749
0.26425367230270735,0.23333333333333334,23:01:20.062409
0.24025197800359838,0.4333333333333333,23:01:20.227885
0.23509574350163964,0.2,23:01:20.404742
0.24792771013028547,0.2,23:01:20.591825
0.24225373517790244,0.5699673171197596,23:01:20.778043
0.2425221922503527,0.40410352085392204,23:01:20.954428
0.26511852731235236,0.5,23:01:21.125208
0.21692892849968426,1.3358936540270199,23:01:21.298588
0.3091578151221579,0.23333333333333334,23:01:21.471488
0.268662455209595,0.4333333333333333,23:01:21.654682
0.21073878780410224,0.5,23:01:21.825367
0.2352915474711446,0.4666666666666667,23:01:22.007089
0.25928121548190897,0.36666666666666664,23:01:22.193027
0.2840717021068496,0.26666666666666666,23:01:22.368914
0.2566018962334991,0.23333333333333334,23:01:22.538161
0.2407876637078798,0.310818510677892,23:01:22.727181
0.24104689249577432,0.9,23:01:22.892250
0.25603615352018083,0.43743685418725536,23:01:23.091860
0.2689867218852281,0.223606797749979,23:01:23.272531
0.255674006574344,0.40410352085392204,23:01:23.451524
0.270477165809172,0.5333333333333333,23:01:23.607093
0.2760699926715394,0.26666666666666666,23:01:23.792874
0.2645498290281863,0.13333333333333333,23:01:23.958788
0.3065562793119032,0.36666666666666664,23:01:24.143296
0.25748475223727396,0.33874258867227935,23:01:24.311376
0.25876347189569165,0.3,23:01:24.473753
0.23626923728116433,0.3374368541872554,23:01:24.654694
0.2692868527767063,0.40410352085392204,23:01:24.825207
0.245090343028395,0.3802829637134567,23:01:25.007099
0.23948725578074323,0.3374368541872554,23:01:25.189554
0.24549544031894416,0.408207041707844,23:01:25.361840
0.26970602340405847,0.305409255338946,23:01:25.538150
0.2634724866227175,0.3720759220056127,23:01:25.719411
0.24607859716752917,0.310818510677892,23:01:25.892035
0.24194253943623822,0.305409255338946,23:01:26.072514
0.1408451201315578,0.40410352085392204,23:01:26.257964
0.15379617549621588,0.33874258867227935,23:01:26.434412
0.2496077344569536,0.5694254176766073,23:01:16.091944
0.26922301984138397,0.5333333333333333,23:01:17.603970
0.27927827441943126,0.4333333333333333,23:01:17.827269
0.2592456806270912,0.6,23:01:18.042881
0.2787493119199493,0.13333333333333333,23:01:18.251666
0.29643941249977024,0.24120226591665966,23:01:18.450651
0.26976781227591506,0.2,23:01:18.661479
0.29619035612335276,0.20786893258332634,23:01:18.871424
0.32492003356267296,0.2,23:01:19.092269
0.2978036593804555,0.40410352085392204,23:01:19.310559
0.22265817455433856,0.305409255338946,23:01:19.509401
0.2468071094382992,0.3802829637134567,23:01:19.715371
0.2468071094382992,0.285354109927885,23:01:19.873749
0.26425367230270735,0.23333333333333334,23:01:20.062409
0.24025197800359838,0.4333333333333333,23:01:20.227885
0.23509574350163964,0.2,23:01:20.404742
0.24792771013028547,0.2,23:01:20.591825
0.24225373517790244,0.5699673171197596,23:01:20.778043
0.2425221922503527,0.40410352085392204,23:01:20.954428
0.26511852731235236,0.5,23:01:21.125208
0.21692892849968426,1.3358936540270199,23:01:21.298588
0.3091578151221579,0.23333333333333334,23:01:21.471488
0.268662455209595,0.4333333333333333,23:01:21.654682
0.21073878780410224,0.5,23:01:21.825367
0.2352915474711446,0.4666666666666667,23:01:22.007089
0.25928121548190897,0.36666666666666664,23:01:22.193027
0.2840717021068496,0.26666666666666666,23:01:22.368914
0.2566018962334991,0.23333333333333334,23:01:22.538161
0.2407876637078798,0.310818510677892,23:01:22.727181
0.24104689249577432,0.9,23:01:22.892250
0.25603615352018083,0.43743685418725536,23:01:23.091860
0.2689867218852281,0.223606797749979,23:01:23.272531
0.255674006574344,0.40410352085392204,23:01:23.451524
0.270477165809172,0.5333333333333333,23:01:23.607093
0.2760699926715394,0.26666666666666666,23:01:23.792874
0.2645498290281863,0.13333333333333333,23:01:23.958788
0.3065562793119032,0.36666666666666664,23:01:24.143296
0.25748475223727396,0.33874258867227935,23:01:24.311376
0.25876347189569165,0.3,23:01:24.473753
0.23626923728116433,0.3374368541872554,23:01:24.654694
0.2692868527767063,0.40410352085392204,23:01:24.825207
0.245090343028395,0.3802829637134567,23:01:25.007099
0.23948725578074323,0.3374368541872554,23:01:25.189554
0.24549544031894416,0.408207041707844,23:01:25.361840
0.26970602340405847,0.305409255338946,23:01:25.538150
0.2634724866227175,0.3720759220056127,23:01:25.719411
0.24607859716752917,0.310818510677892,23:01:25.892035
0.24194253943623822,0.305409255338946,23:01:26.072514
0.1408451201315578,0.40410352085392204,23:01:26.257964
0.15379617549621588,0.33874258867227935,23:01:26.434412
0.1619264289018044,0.3720759220056127,23:01:26.607107
0.2496077344569536,0.5694254176766073,23:01:16.091944
0.26922301984138397,0.5333333333333333,23:01:17.603970
0.27927827441943126,0.4333333333333333,23:01:17.827269
0.2592456806270912,0.6,23:01:18.042881
0.2787493119199493,0.13333333333333333,23:01:18.251666
0.29643941249977024,0.24120226591665966,23:01:18.450651
0.26976781227591506,0.2,23:01:18.661479
0.29619035612335276,0.20786893258332634,23:01:18.871424
0.32492003356267296,0.2,23:01:19.092269
0.2978036593804555,0.40410352085392204,23:01:19.310559
0.22265817455433856,0.305409255338946,23:01:19.509401
0.2468071094382992,0.3802829637134567,23:01:19.715371
0.2468071094382992,0.285354109927885,23:01:19.873749
0.26425367230270735,0.23333333333333334,23:01:20.062409
0.24025197800359838,0.4333333333333333,23:01:20.227885
0.23509574350163964,0.2,23:01:20.404742
0.24792771013028547,0.2,23:01:20.591825
0.24225373517790244,0.5699673171197596,23:01:20.778043
0.2425221922503527,0.40410352085392204,23:01:20.954428
0.26511852731235236,0.5,23:01:21.125208
0.21692892849968426,1.3358936540270199,23:01:21.298588
0.3091578151221579,0.23333333333333334,23:01:21.471488
0.268662455209595,0.4333333333333333,23:01:21.654682
0.21073878780410224,0.5,23:01:21.825367
0.2352915474711446,0.4666666666666667,23:01:22.007089
0.25928121548190897,0.36666666666666664,23:01:22.193027
0.2840717021068496,0.26666666666666666,23:01:22.368914
0.2566018962334991,0.23333333333333334,23:01:22.538161
0.2407876637078798,0.310818510677892,23:01:22.727181
0.24104689249577432,0.9,23:01:22.892250
0.25603615352018083,0.43743685418725536,23:01:23.091860
0.2689867218852281,0.223606797749979,23:01:23.272531
0.255674006574344,0.40410352085392204,23:01:23.451524
0.270477165809172,0.5333333333333333,23:01:23.607093
0.2760699926715394,0.26666666666666666,23:01:23.792874
0.2645498290281863,0.13333333333333333,23:01:23.958788
0.3065562793119032,0.36666666666666664,23:01:24.143296
0.25748475223727396,0.33874258867227935,23:01:24.311376
0.25876347189569165,0.3,23:01:24.473753
0.23626923728116433,0.3374368541872554,23:01:24.654694
0.2692868527767063,0.40410352085392204,23:01:24.825207
0.245090343028395,0.3802829637134567,23:01:25.007099
0.23948725578074323,0.3374368541872554,23:01:25.189554
0.24549544031894416,0.408207041707844,23:01:25.361840
0.26970602340405847,0.305409255338946,23:01:25.538150
0.2634724866227175,0.3720759220056127,23:01:25.719411
0.24607859716752917,0.310818510677892,23:01:25.892035
0.24194253943623822,0.305409255338946,23:01:26.072514
0.1408451201315578,0.40410352085392204,23:01:26.257964
0.15379617549621588,0.33874258867227935,23:01:26.434412
0.1619264289018044,0.3720759220056127,23:01:26.607107
0.14850715711308177,0.310818510677892,23:01:26.807102
0.2496077344569536,0.5694254176766073,23:01:16.091944
0.26922301984138397,0.5333333333333333,23:01:17.603970
0.27927827441943126,0.4333333333333333,23:01:17.827269
0.2592456806270912,0.6,23:01:18.042881
0.2787493119199493,0.13333333333333333,23:01:18.251666
0.29643941249977024,0.24120226591665966,23:01:18.450651
0.26976781227591506,0.2,23:01:18.661479
0.29619035612335276,0.20786893258332634,23:01:18.871424
0.32492003356267296,0.2,23:01:19.092269
0.2978036593804555,0.40410352085392204,23:01:19.310559
0.22265817455433856,0.305409255338946,23:01:19.509401
0.2468071094382992,0.3802829637134567,23:01:19.715371
0.2468071094382992,0.285354109927885,23:01:19.873749
0.26425367230270735,0.23333333333333334,23:01:20.062409
0.24025197800359838,0.4333333333333333,23:01:20.227885
0.23509574350163964,0.2,23:01:20.404742
0.24792771013028547,0.2,23:01:20.591825
0.24225373517790244,0.5699673171197596,23:01:20.778043
0.2425221922503527,0.40410352085392204,23:01:20.954428
0.26511852731235236,0.5,23:01:21.125208
0.21692892849968426,1.3358936540270199,23:01:21.298588
0.3091578151221579,0.23333333333333334,23:01:21.471488
0.268662455209595,0.4333333333333333,23:01:21.654682
0.21073878780410224,0.5,23:01:21.825367
0.2352915474711446,0.4666666666666667,23:01:22.007089
0.25928121548190897,0.36666666666666664,23:01:22.193027
0.2840717021068496,0.26666666666666666,23:01:22.368914
0.2566018962334991,0.23333333333333334,23:01:22.538161
0.2407876637078798,0.310818510677892,23:01:22.727181
0.24104689249577432,0.9,23:01:22.892250
0.25603615352018083,0.43743685418725536,23:01:23.091860
0.2689867218852281,0.223606797749979,23:01:23.272531
0.255674006574344,0.40410352085392204,23:01:23.451524
0.270477165809172,0.5333333333333333,23:01:23.607093
0.2760699926715394,0.26666666666666666,23:01:23.792874
0.2645498290281863,0.13333333333333333,23:01:23.958788
0.3065562793119032,0.36666666666666664,23:01:24.143296
0.25748475223727396,0.33874258867227935,23:01:24.311376
0.25876347189569165,0.3,23:01:24.473753
0.23626923728116433,0.3374368541872554,23:01:24.654694
0.2692868527767063,0.40410352085392204,23:01:24.825207
0.245090343028395,0.3802829637134567,23:01:25.007099
0.23948725578074323,0.3374368541872554,23:01:25.189554
0.24549544031894416,0.408207041707844,23:01:25.361840
0.26970602340405847,0.305409255338946,23:01:25.538150
0.2634724866227175,0.3720759220056127,23:01:25.719411
0.24607859716752917,0.310818510677892,23:01:25.892035
0.24194253943623822,0.305409255338946,23:01:26.072514
0.1408451201315578,0.40410352085392204,23:01:26.257964
0.15379617549621588,0.33874258867227935,23:01:26.434412
0.1619264289018044,0.3720759220056127,23:01:26.607107
0.14850715711308177,0.310818510677892,23:01:26.807102
0.17155489364054055,0.27994485458893903,23:01:26.986061
0.2496077344569536,0.5694254176766073,23:01:16.091944
0.26922301984138397,0.5333333333333333,23:01:17.603970
0.27927827441943126,0.4333333333333333,23:01:17.827269
0.2592456806270912,0.6,23:01:18.042881
0.2787493119199493,0.13333333333333333,23:01:18.251666
0.29643941249977024,0.24120226591665966,23:01:18.450651
0.26976781227591506,0.2,23:01:18.661479
0.29619035612335276,0.20786893258332634,23:01:18.871424
0.32492003356267296,0.2,23:01:19.092269
0.2978036593804555,0.40410352085392204,23:01:19.310559
0.22265817455433856,0.305409255338946,23:01:19.509401
0.2468071094382992,0.3802829637134567,23:01:19.715371
0.2468071094382992,0.285354109927885,23:01:19.873749
0.26425367230270735,0.23333333333333334,23:01:20.062409
0.24025197800359838,0.4333333333333333,23:01:20.227885
0.23509574350163964,0.2,23:01:20.404742
0.24792771013028547,0.2,23:01:20.591825
0.24225373517790244,0.5699673171197596,23:01:20.778043
0.2425221922503527,0.40410352085392204,23:01:20.954428
0.26511852731235236,0.5,23:01:21.125208
0.21692892849968426,1.3358936540270199,23:01:21.298588
0.3091578151221579,0.23333333333333334,23:01:21.471488
0.268662455209595,0.4333333333333333,23:01:21.654682
0.21073878780410224,0.5,23:01:21.825367
0.2352915474711446,0.4666666666666667,23:01:22.007089
0.25928121548190897,0.36666666666666664,23:01:22.193027
0.2840717021068496,0.26666666666666666,23:01:22.368914
0.2566018962334991,0.23333333333333334,23:01:22.538161
0.2407876637078798,0.310818510677892,23:01:22.727181
0.24104689249577432,0.9,23:01:22.892250
0.25603615352018083,0.43743685418725536,23:01:23.091860
0.2689867218852281,0.223606797749979,23:01:23.272531
0.255674006574344,0.40410352085392204,23:01:23.451524
0.270477165809172,0.5333333333333333,23:01:23.607093
0.2760699926715394,0.26666666666666666,23:01:23.792874
0.2645498290281863,0.13333333333333333,23:01:23.958788
0.3065562793119032,0.36666666666666664,23:01:24.143296
0.25748475223727396,0.33874258867227935,23:01:24.311376
0.25876347189569165,0.3,23:01:24.473753
0.23626923728116433,0.3374368541872554,23:01:24.654694
0.2692868527767063,0.40410352085392204,23:01:24.825207
0.245090343028395,0.3802829637134567,23:01:25.007099
0.23948725578074323,0.3374368541872554,23:01:25.189554
0.24549544031894416,0.408207041707844,23:01:25.361840
0.26970602340405847,0.305409255338946,23:01:25.538150
0.2634724866227175,0.3720759220056127,23:01:25.719411
0.24607859716752917,0.310818510677892,23:01:25.892035
0.24194253943623822,0.305409255338946,23:01:26.072514
0.1408451201315578,0.40410352085392204,23:01:26.257964
0.15379617549621588,0.33874258867227935,23:01:26.434412
0.1619264289018044,0.3720759220056127,23:01:26.607107
0.14850715711308177,0.310818510677892,23:01:26.807102
0.17155489364054055,0.27994485458893903,23:01:26.986061
0.17526780239231193,0.3802829637134567,23:01:27.140421
0.2496077344569536,0.5694254176766073,23:01:16.091944
0.26922301984138397,0.5333333333333333,23:01:17.603970
0.27927827441943126,0.4333333333333333,23:01:17.827269
0.2592456806270912,0.6,23:01:18.042881
0.2787493119199493,0.13333333333333333,23:01:18.251666
0.29643941249977024,0.24120226591665966,23:01:18.450651
0.26976781227591506,0.2,23:01:18.661479
0.29619035612335276,0.20786893258332634,23:01:18.871424
0.32492003356267296,0.2,23:01:19.092269
0.2978036593804555,0.40410352085392204,23:01:19.310559
0.22265817455433856,0.305409255338946,23:01:19.509401
0.2468071094382992,0.3802829637134567,23:01:19.715371
0.2468071094382992,0.285354109927885,23:01:19.873749
0.26425367230270735,0.23333333333333334,23:01:20.062409
0.24025197800359838,0.4333333333333333,23:01:20.227885
0.23509574350163964,0.2,23:01:20.404742
0.24792771013028547,0.2,23:01:20.591825
0.24225373517790244,0.5699673171197596,23:01:20.778043
0.2425221922503527,0.40410352085392204,23:01:20.954428
0.26511852731235236,0.5,23:01:21.125208
0.21692892849968426,1.3358936540270199,23:01:21.298588
0.3091578151221579,0.23333333333333334,23:01:21.471488
0.268662455209595,0.4333333333333333,23:01:21.654682
0.21073878780410224,0.5,23:01:21.825367
0.2352915474711446,0.4666666666666667,23:01:22.007089
0.25928121548190897,0.36666666666666664,23:01:22.193027
0.2840717021068496,0.26666666666666666,23:01:22.368914
0.2566018962334991,0.23333333333333334,23:01:22.538161
0.2407876637078798,0.310818510677892,23:01:22.727181
0.24104689249577432,0.9,23:01:22.892250
0.25603615352018083,0.43743685418725536,23:01:23.091860
0.2689867218852281,0.223606797749979,23:01:23.272531
0.255674006574344,0.40410352085392204,23:01:23.451524
0.270477165809172,0.5333333333333333,23:01:23.607093
0.2760699926715394,0.26666666666666666,23:01:23.792874
0.2645498290281863,0.13333333333333333,23:01:23.958788
0.3065562793119032,0.36666666666666664,23:01:24.143296
0.25748475223727396,0.33874258867227935,23:01:24.311376
0.25876347189569165,0.3,23:01:24.473753
0.23626923728116433,0.3374368541872554,23:01:24.654694
0.2692868527767063,0.40410352085392204,23:01:24.825207
0.245090343028395,0.3802829637134567,23:01:25.007099
0.23948725578074323,0.3374368541872554,23:01:25.189554
0.24549544031894416,0.408207041707844,23:01:25.361840
0.26970602340405847,0.305409255338946,23:01:25.538150
0.2634724866227175,0.3720759220056127,23:01:25.719411
0.24607859716752917,0.310818510677892,23:01:25.892035
0.24194253943623822,0.305409255338946,23:01:26.072514
0.1408451201315578,0.40410352085392204,23:01:26.257964
0.15379617549621588,0.33874258867227935,23:01:26.434412
0.1619264289018044,0.3720759220056127,23:01:26.607107
0.14850715711308177,0.310818510677892,23:01:26.807102
0.17155489364054055,0.27994485458893903,23:01:26.986061
0.17526780239231193,0.3802829637134567,23:01:27.140421
0.14916338851574218,0.40410352085392204,23:01:27.328168
0.2496077344569536,0.5694254176766073,23:01:16.091944
0.26922301984138397,0.5333333333333333,23:01:17.603970
0.27927827441943126,0.4333333333333333,23:01:17.827269
0.2592456806270912,0.6,23:01:18.042881
0.2787493119199493,0.13333333333333333,23:01:18.251666
0.29643941249977024,0.24120226591665966,23:01:18.450651
0.26976781227591506,0.2,23:01:18.661479
0.29619035612335276,0.20786893258332634,23:01:18.871424
0.32492003356267296,0.2,23:01:19.092269
0.2978036593804555,0.40410352085392204,23:01:19.310559
0.22265817455433856,0.305409255338946,23:01:19.509401
0.2468071094382992,0.3802829637134567,23:01:19.715371
0.2468071094382992,0.285354109927885,23:01:19.873749
0.26425367230270735,0.23333333333333334,23:01:20.062409
0.24025197800359838,0.4333333333333333,23:01:20.227885
0.23509574350163964,0.2,23:01:20.404742
0.24792771013028547,0.2,23:01:20.591825
0.24225373517790244,0.5699673171197596,23:01:20.778043
0.2425221922503527,0.40410352085392204,23:01:20.954428
0.26511852731235236,0.5,23:01:21.125208
0.21692892849968426,1.3358936540270199,23:01:21.298588
0.3091578151221579,0.23333333333333334,23:01:21.471488
0.268662455209595,0.4333333333333333,23:01:21.654682
0.21073878780410224,0.5,23:01:21.825367
0.2352915474711446,0.4666666666666667,23:01:22.007089
0.25928121548190897,0.36666666666666664,23:01:22.193027
0.2840717021068496,0.26666666666666666,23:01:22.368914
0.2566018962334991,0.23333333333333334,23:01:22.538161
0.2407876637078798,0.310818510677892,23:01:22.727181
0.24104689249577432,0.9,23:01:22.892250
0.25603615352018083,0.43743685418725536,23:01:23.091860
0.2689867218852281,0.223606797749979,23:01:23.272531
0.255674006574344,0.40410352085392204,23:01:23.451524
0.270477165809172,0.5333333333333333,23:01:23.607093
0.2760699926715394,0.26666666666666666,23:01:23.792874
0.2645498290281863,0.13333333333333333,23:01:23.958788
0.3065562793119032,0.36666666666666664,23:01:24.143296
0.25748475223727396,0.33874258867227935,23:01:24.311376
0.25876347189569165,0.3,23:01:24.473753
0.23626923728116433,0.3374368541872554,23:01:24.654694
0.2692868527767063,0.40410352085392204,23:01:24.825207
0.245090343028395,0.3802829637134567,23:01:25.007099
0.23948725578074323,0.3374368541872554,23:01:25.189554
0.24549544031894416,0.408207041707844,23:01:25.361840
0.26970602340405847,0.305409255338946,23:01:25.538150
0.2634724866227175,0.3720759220056127,23:01:25.719411
0.24607859716752917,0.310818510677892,23:01:25.892035
0.24194253943623822,0.305409255338946,23:01:26.072514
0.1408451201315578,0.40410352085392204,23:01:26.257964
0.15379617549621588,0.33874258867227935,23:01:26.434412
0.1619264289018044,0.3720759220056127,23:01:26.607107
0.14850715711308177,0.310818510677892,23:01:26.807102
0.17155489364054055,0.27994485458893903,23:01:26.986061
0.17526780239231193,0.3802829637134567,23:01:27.140421
0.14916338851574218,0.40410352085392204,23:01:27.328168
0.147643043442503,0.36666666666666664,23:01:27.505067
0.2496077344569536,0.5694254176766073,23:01:16.091944
0.26922301984138397,0.5333333333333333,23:01:17.603970
0.27927827441943126,0.4333333333333333,23:01:17.827269
0.2592456806270912,0.6,23:01:18.042881
0.2787493119199493,0.13333333333333333,23:01:18.251666
0.29643941249977024,0.24120226591665966,23:01:18.450651
0.26976781227591506,0.2,23:01:18.661479
0.29619035612335276,0.20786893258332634,23:01:18.871424
0.32492003356267296,0.2,23:01:19.092269
0.2978036593804555,0.40410352085392204,23:01:19.310559
0.22265817455433856,0.305409255338946,23:01:19.509401
0.2468071094382992,0.3802829637134567,23:01:19.715371
0.2468071094382992,0.285354109927885,23:01:19.873749
0.26425367230270735,0.23333333333333334,23:01:20.062409
0.24025197800359838,0.4333333333333333,23:01:20.227885
0.23509574350163964,0.2,23:01:20.404742
0.24792771013028547,0.2,23:01:20.591825
0.24225373517790244,0.5699673171197596,23:01:20.778043
0.2425221922503527,0.40410352085392204,23:01:20.954428
0.26511852731235236,0.5,23:01:21.125208
0.21692892849968426,1.3358936540270199,23:01:21.298588
0.3091578151221579,0.23333333333333334,23:01:21.471488
0.268662455209595,0.4333333333333333,23:01:21.654682
0.21073878780410224,0.5,23:01:21.825367
0.2352915474711446,0.4666666666666667,23:01:22.007089
0.25928121548190897,0.36666666666666664,23:01:22.193027
0.2840717021068496,0.26666666666666666,23:01:22.368914
0.2566018962334991,0.23333333333333334,23:01:22.538161
0.2407876637078798,0.310818510677892,23:01:22.727181
0.24104689249577432,0.9,23:01:22.892250
0.25603615352018083,0.43743685418725536,23:01:23.091860
0.2689867218852281,0.223606797749979,23:01:23.272531
0.255674006574344,0.40410352085392204,23:01:23.451524
0.270477165809172,0.5333333333333333,23:01:23.607093
0.2760699926715394,0.26666666666666666,23:01:23.792874
0.2645498290281863,0.13333333333333333,23:01:23.958788
0.3065562793119032,0.36666666666666664,23:01:24.143296
0.25748475223727396,0.33874258867227935,23:01:24.311376
0.25876347189569165,0.3,23:01:24.473753
0.23626923728116433,0.3374368541872554,23:01:24.654694
0.2692868527767063,0.40410352085392204,23:01:24.825207
0.245090343028395,0.3802829637134567,23:01:25.007099
0.23948725578074323,0.3374368541872554,23:01:25.189554
0.24549544031894416,0.408207041707844,23:01:25.361840
0.26970602340405847,0.305409255338946,23:01:25.538150
0.2634724866227175,0.3720759220056127,23:01:25.719411
0.24607859716752917,0.310818510677892,23:01:25.892035
0.24194253943623822,0.305409255338946,23:01:26.072514
0.1408451201315578,0.40410352085392204,23:01:26.257964
0.15379617549621588,0.33874258867227935,23:01:26.434412
0.1619264289018044,0.3720759220056127,23:01:26.607107
0.14850715711308177,0.310818510677892,23:01:26.807102
0.17155489364054055,0.27994485458893903,23:01:26.986061
0.17526780239231193,0.3802829637134567,23:01:27.140421
0.14916338851574218,0.40410352085392204,23:01:27.328168
0.147643043442503,0.36666666666666664,23:01:27.505067
0.18190452417554026,0.26666666666666666,23:01:27.698028
0.2496077344569536,0.5694254176766073,23:01:16.091944
0.26922301984138397,0.5333333333333333,23:01:17.603970
0.27927827441943126,0.4333333333333333,23:01:17.827269
0.2592456806270912,0.6,23:01:18.042881
0.2787493119199493,0.13333333333333333,23:01:18.251666
0.29643941249977024,0.24120226591665966,23:01:18.450651
0.26976781227591506,0.2,23:01:18.661479
0.29619035612335276,0.20786893258332634,23:01:18.871424
0.32492003356267296,0.2,23:01:19.092269
0.2978036593804555,0.40410352085392204,23:01:19.310559
0.22265817455433856,0.305409255338946,23:01:19.509401
0.2468071094382992,0.3802829637134567,23:01:19.715371
0.2468071094382992,0.285354109927885,23:01:19.873749
0.26425367230270735,0.23333333333333334,23:01:20.062409
0.24025197800359838,0.4333333333333333,23:01:20.227885
0.23509574350163964,0.2,23:01:20.404742
0.24792771013028547,0.2,23:01:20.591825
0.24225373517790244,0.5699673171197596,23:01:20.778043
0.2425221922503527,0.40410352085392204,23:01:20.954428
0.26511852731235236,0.5,23:01:21.125208
0.21692892849968426,1.3358936540270199,23:01:21.298588
0.3091578151221579,0.23333333333333334,23:01:21.471488
0.268662455209595,0.4333333333333333,23:01:21.654682
0.21073878780410224,0.5,23:01:21.825367
0.2352915474711446,0.4666666666666667,23:01:22.007089
0.25928121548190897,0.36666666666666664,23:01:22.193027
0.2840717021068496,0.26666666666666666,23:01:22.368914
0.2566018962334991,0.23333333333333334,23:01:22.538161
0.2407876637078798,0.310818510677892,23:01:22.727181
0.24104689249577432,0.9,23:01:22.892250
0.25603615352018083,0.43743685418725536,23:01:23.091860
0.2689867218852281,0.223606797749979,23:01:23.272531
0.255674006574344,0.40410352085392204,23:01:23.451524
0.270477165809172,0.5333333333333333,23:01:23.607093
0.2760699926715394,0.26666666666666666,23:01:23.792874
0.2645498290281863,0.13333333333333333,23:01:23.958788
0.3065562793119032,0.36666666666666664,23:01:24.143296
0.25748475223727396,0.33874258867227935,23:01:24.311376
0.25876347189569165,0.3,23:01:24.473753
0.23626923728116433,0.3374368541872554,23:01:24.654694
0.2692868527767063,0.40410352085392204,23:01:24.825207
0.245090343028395,0.3802829637134567,23:01:25.007099
0.23948725578074323,0.3374368541872554,23:01:25.189554
0.24549544031894416,0.408207041707844,23:01:25.361840
0.26970602340405847,0.305409255338946,23:01:25.538150
0.2634724866227175,0.3720759220056127,23:01:25.719411
0.24607859716752917,0.310818510677892,23:01:25.892035
0.24194253943623822,0.305409255338946,23:01:26.072514
0.1408451201315578,0.40410352085392204,23:01:26.257964
0.15379617549621588,0.33874258867227935,23:01:26.434412
0.1619264289018044,0.3720759220056127,23:01:26.607107
0.14850715711308177,0.310818510677892,23:01:26.807102
0.17155489364054055,0.27994485458893903,23:01:26.986061
0.17526780239231193,0.3802829637134567,23:01:27.140421
0.14916338851574218,0.40410352085392204,23:01:27.328168
0.147643043442503,0.36666666666666664,23:01:27.505067
0.18190452417554026,0.26666666666666666,23:01:27.698028
0.23626923728116433,0.9036923425424945,23:01:36.960216
0.2496077344569536,0.5694254176766073,23:01:16.091944
0.26922301984138397,0.5333333333333333,23:01:17.603970
0.27927827441943126,0.4333333333333333,23:01:17.827269
0.2592456806270912,0.6,23:01:18.042881
0.2787493119199493,0.13333333333333333,23:01:18.251666
0.29643941249977024,0.24120226591665966,23:01:18.450651
0.26976781227591506,0.2,23:01:18.661479
0.29619035612335276,0.20786893258332634,23:01:18.871424
0.32492003356267296,0.2,23:01:19.092269
0.2978036593804555,0.40410352085392204,23:01:19.310559
0.22265817455433856,0.305409255338946,23:01:19.509401
0.2468071094382992,0.3802829637134567,23:01:19.715371
0.2468071094382992,0.285354109927885,23:01:19.873749
0.26425367230270735,0.23333333333333334,23:01:20.062409
0.24025197800359838,0.4333333333333333,23:01:20.227885
0.23509574350163964,0.2,23:01:20.404742
0.24792771013028547,0.2,23:01:20.591825
0.24225373517790244,0.5699673171197596,23:01:20.778043
0.2425221922503527,0.40410352085392204,23:01:20.954428
0.26511852731235236,0.5,23:01:21.125208
0.21692892849968426,1.3358936540270199,23:01:21.298588
0.3091578151221579,0.23333333333333334,23:01:21.471488
0.268662455209595,0.4333333333333333,23:01:21.654682
0.21073878780410224,0.5,23:01:21.825367
0.2352915474711446,0.4666666666666667,23:01:22.007089
0.25928121548190897,0.36666666666666664,23:01:22.193027
0.2840717021068496,0.26666666666666666,23:01:22.368914
0.2566018962334991,0.23333333333333334,23:01:22.538161
0.2407876637078798,0.310818510677892,23:01:22.727181
0.24104689249577432,0.9,23:01:22.892250
0.25603615352018083,0.43743685418725536,23:01:23.091860
0.2689867218852281,0.223606797749979,23:01:23.272531
0.255674006574344,0.40410352085392204,23:01:23.451524
0.270477165809172,0.5333333333333333,23:01:23.607093
0.2760699926715394,0.26666666666666666,23:01:23.792874
0.2645498290281863,0.13333333333333333,23:01:23.958788
0.3065562793119032,0.36666666666666664,23:01:24.143296
0.25748475223727396,0.33874258867227935,23:01:24.311376
0.25876347189569165,0.3,23:01:24.473753
0.23626923728116433,0.3374368541872554,23:01:24.654694
0.2692868527767063,0.40410352085392204,23:01:24.825207
0.245090343028395,0.3802829637134567,23:01:25.007099
0.23948725578074323,0.3374368541872554,23:01:25.189554
0.24549544031894416,0.408207041707844,23:01:25.361840
0.26970602340405847,0.305409255338946,23:01:25.538150
0.2634724866227175,0.3720759220056127,23:01:25.719411
0.24607859716752917,0.310818510677892,23:01:25.892035
0.24194253943623822,0.305409255338946,23:01:26.072514
0.1408451201315578,0.40410352085392204,23:01:26.257964
0.15379617549621588,0.33874258867227935,23:01:26.434412
0.1619264289018044,0.3720759220056127,23:01:26.607107
0.14850715711308177,0.310818510677892,23:01:26.807102
0.17155489364054055,0.27994485458893903,23:01:26.986061
0.17526780239231193,0.3802829637134567,23:01:27.140421
0.14916338851574218,0.40410352085392204,23:01:27.328168
0.147643043442503,0.36666666666666664,23:01:27.505067
0.18190452417554026,0.26666666666666666,23:01:27.698028
0.23626923728116433,0.9036923425424945,23:01:36.960216
0.15416886753648162,0.2,23:01:44.577151
